legacy_path,sha256,bytes,disposition,coverage
.DS_Store,1c9d50aa799e8e0559b7171b8696fe6742b314f5654a4a143d7cd70c0ec684f9,12292,historical reference; not operationally migrated,complete byte hash
.gitignore,a2499172b33f3e23897c01ca3f1abefaf9b9c217c478ba46b1cf1b6d7e3c6b2b,769,historical reference; not operationally migrated,complete byte hash
.pytest_cache/.gitignore,3ed731b65d06150c138e2dadb0be0697550888a6b47eb8c45ecc9adba8b8e9bd,37,historical reference; not operationally migrated,complete byte hash
.pytest_cache/CACHEDIR.TAG,37dc88ef9a0abeddbe81053a6dd8fdfb13afb613045ea1eb4a5c815a74a3bde4,191,historical reference; not operationally migrated,complete byte hash
.pytest_cache/README.md,73fd6fccdd802c419a6b2d983d6c3173b7da97558ac4b589edec2dfe443db9ad,302,historical reference; not operationally migrated,complete byte hash
.pytest_cache/v/cache/nodeids,593ffaabf4fe52b32e85e64a9a5941344dcbb9e3d94231ce0eab2da05d985143,1308,historical reference; not operationally migrated,complete byte hash
CMakeLists.txt,d6deb4ff0e0fad20e959bff06a1385b441e6f7c5cec503a5de1207005198bed8,2136,historical reference; not operationally migrated,complete byte hash
CMakePresets.json,0ac10a7faf322fc18d27a175460e5972186c8202d53e58ef561edc94ac0eeebb,818,historical reference; not operationally migrated,complete byte hash
DROP_HERE/dropbox_manifest.json,95345c3e1e86ac356c3be2d46e3e8f6511b7d0119747bf021eb6a631786ad53c,2318,historical reference; not operationally migrated,complete byte hash
README.md,c1fa620d7d36c2369404c75feb89bb4b2f69d54644865134ecc46341172b3e86,6758,historical reference; not operationally migrated,complete byte hash
archive/bpfeat_chat_context.md,3176cc2bd8f0c38c96e27327faf954fa051a2b0aa57cf3aa482b06181666784f,4303,historical reference; not operationally migrated,complete byte hash
archive/dev_patch_scripts/README.md,631c141288a6246fba69527973065a9191d23360397a979cc84ebf45d11dead7,301,historical reference; not operationally migrated,complete byte hash
archive/dev_patch_scripts/fix_aggr.py,cd5be5a8693df955b89eeb994ccb043d3ba205c74deaf480de916a8e678f18ca,675,historical reference; not operationally migrated,complete byte hash
archive/dev_patch_scripts/fix_all.py,e782baac61fe35a3df1c05327773e7677f1b67115289309d679dec250835295c,1622,historical reference; not operationally migrated,complete byte hash
archive/dev_patch_scripts/fix_drain.py,87a6f547fff5fe1427238a3c92d8967ed38b9cc50bc2124b3ac44ca0cff29ba1,1211,historical reference; not operationally migrated,complete byte hash
archive/dev_patch_scripts/fix_harness.py,4e05eca92870907625b65186331351302520b3cb60827aef83f73e97e432b4be,1314,historical reference; not operationally migrated,complete byte hash
archive/dev_patch_scripts/fix_lambda_main.py,53caa33020330744b230556c0af66193be7030888be4f1878c23147dc7a3287b,2128,historical reference; not operationally migrated,complete byte hash
archive/dev_patch_scripts/fix_quotes.py,f83786399ec7e7936cd8c7e1a0ce5d3b75b6e12e5dbdd5f2b6124a7ee7718c8c,805,historical reference; not operationally migrated,complete byte hash
archive/dev_patch_scripts/fix_remnants.py,6a7d99e3332d522b7834bebf87ed9d53579c19ead677f13ef8aa918ec7fe5d0b,1393,historical reference; not operationally migrated,complete byte hash
archive/dev_patch_scripts/fix_rt.py,11c39a4b1e45ccdbc0db7bef9d701e245809f63da34e77c2a8922d6b04948ceb,314,historical reference; not operationally migrated,complete byte hash
archive/dev_patch_scripts/fix_test_pipeline.py,b11923c245588d9f6faa987b75b8eb3e070f02035c95fd6d95f2d74c23cfedc9,1305,historical reference; not operationally migrated,complete byte hash
archive/dev_patch_scripts/fix_test_pipeline2.py,fea9956300cf2353286cee43f28280e8c30dbdde2fe0bedbbd13119988de8cd5,1071,historical reference; not operationally migrated,complete byte hash
archive/dev_patch_scripts/fix_test_pipeline3.py,74ecf0a0d20a5c863d4ca9fcfacbf78e570e70d006ea34d8dbc39e68e27933db,808,historical reference; not operationally migrated,complete byte hash
archive/dev_patch_scripts/fix_worker_init.py,cf426e71239103cc0a80f7b3c7093740886c8c01a5d5af2a6aef3f672df823f0,532,historical reference; not operationally migrated,complete byte hash
audit_guide.md,f8a2ed1b91dd8d9e4a5ec703c79eebd4b6f3eed72bb88335b3e3b4688fd7333e,46692,historical reference; not operationally migrated,complete byte hash
audit_report.md,4987be3f4d217c44ea755969339050698eff3c3b99949301be7a11b2bb3b3094,110855,historical reference; not operationally migrated,complete byte hash
bootstrap.sh,d023d2af29f79fc45f4434d2a444a39c637849182039d053e244fda4ab4db7b3,18880,historical reference; not operationally migrated,complete byte hash
bpfeat_build_prompt.md,b96b429c3d08a54eda75d5e6498142e7d9119ec7342b1ffc749d87421e4cd538,155858,historical reference; not operationally migrated,complete byte hash
build/.DS_Store,16f59063452b7adaebc16bdb6e6226d3b9a3ee85fa2e22796836015ee27a2ba7,6148,generated binaries excluded,complete byte hash
build/CMakeCache.txt,e26f6800204cfab0f6a9476a74247da89b5055d01c87c3af4bf7d5763d8c0ad4,13306,generated binaries excluded,complete byte hash
build/CMakeFiles/4.3.4/CMakeCXXCompiler.cmake,011244cc283f9ec55e3c416ed05e71b7f28643636ae2b327e0900aa8ceb739de,6480,generated binaries excluded,complete byte hash
build/CMakeFiles/4.3.4/CMakeDetermineCompilerABI_CXX.bin,d106c82975e4e09ce1ca33c0c2f132552a8cd70f34191150bc0a55ea9d5e4e2b,33560,generated binaries excluded,complete byte hash
build/CMakeFiles/4.3.4/CMakeSystem.cmake,246638c71f2ac0a7a05e1b7dff0d43f574f3251307dad42dc2d1fcf7504a1202,360,generated binaries excluded,complete byte hash
build/CMakeFiles/4.3.4/CompilerIdCXX/CMakeCXXCompilerId.cpp,15597e769f9705997844403bbbf0c2fa65eb5b46a8ad4e6db684547644239fae,29480,generated binaries excluded,complete byte hash
build/CMakeFiles/4.3.4/CompilerIdCXX/a.out,369ffe0a79c6e5eea7314f24a19d9c86151792fe783d486bec0c90c29212bd72,33736,generated binaries excluded,complete byte hash
build/CMakeFiles/4.3.4/CompilerIdCXX/apple-sdk.cpp,93336ad6605d000eb7c898c7bde4f94b689ae0dce329a1187119608d55e74ac0,32,generated binaries excluded,complete byte hash
build/CMakeFiles/CMakeConfigureLog.yaml,750d1300a2f2dff472434ba6b692a289ec2e06d5d4780bd00d9865d9ceac470e,88691,generated binaries excluded,complete byte hash
build/CMakeFiles/CMakeDirectoryInformation.cmake,ccf5b8f18588a72a9e579f2cdaa254af5a80a45b10532b6ad462b9c1f8facd44,643,generated binaries excluded,complete byte hash
build/CMakeFiles/InstallScripts.json,cf541fd128067d94735864fb486ef7bc30815294b5ec69b168719a123ea7a1d3,259,generated binaries excluded,complete byte hash
build/CMakeFiles/Makefile.cmake,b0a27d0c0b0be9f33e4c5ebbb8a37abef306b27c71a48f2cd1b78beb8ef9d8ba,8621,generated binaries excluded,complete byte hash
build/CMakeFiles/Makefile2,0613ec77ba060ffb532ef900aba5512e862207187e2c6d13c78f4910258aca4c,29055,generated binaries excluded,complete byte hash
build/CMakeFiles/TargetDirectories.txt,98a114b5e565d06d547cfc09c95b866e66712114bfb351b045567a0d0212008e,1558,generated binaries excluded,complete byte hash
build/CMakeFiles/cmake.check_cache,a26189e394421da57f45706a07713c5720acd200a41711b0c0c590c3c63371c4,85,generated binaries excluded,complete byte hash
build/CMakeFiles/progress.marks,f14b4987904bcb5814e4459a057ed4d20f58a633152288a761214dcd28780b56,3,generated binaries excluded,complete byte hash
build/CTestTestfile.cmake,1c88eb2f52a3e290745bba857bada86dd18c2658a13a2326d99bb2562fe40ab1,322,generated binaries excluded,complete byte hash
build/Makefile,a0f38c15c29909b496e5218b7b37738f1b53bf28c5b104317ddec4ab603edd5b,10895,generated binaries excluded,complete byte hash
build/Testing/Temporary/CTestCostData.txt,d7f00ef27038e84d37046e10a728370c1e135538d75685df3a3690db1ad3dfb0,349,generated binaries excluded,complete byte hash
build/Testing/Temporary/LastTest.log,ccb68dc07f963e9fc234f6285043670892a5fbc78184e958568fd75de901e9e5,8616,generated binaries excluded,complete byte hash
build/Testing/Temporary/LastTestsFailed.log,0ac529e5dd0e1a6c896b11407c19c1ea09ebca2d2364301f3a719f30544b6fda,95,generated binaries excluded,complete byte hash
build/cmake_install.cmake,5b3fb90a24ba05ce8d0391a18dd2f5c9ef027a56dec4c5cd26ea77a082969791,2319,generated binaries excluded,complete byte hash
build/feature_flow/CMakeFiles/CMakeDirectoryInformation.cmake,ccf5b8f18588a72a9e579f2cdaa254af5a80a45b10532b6ad462b9c1f8facd44,643,generated binaries excluded,complete byte hash
build/feature_flow/CMakeFiles/feature_flow_harness.dir/DependInfo.cmake,15eb99c37aa0d3d379121c72390938339d8de13b384dada883565a902d322285,784,generated binaries excluded,complete byte hash
build/feature_flow/CMakeFiles/feature_flow_harness.dir/build.make,e0104f016eb42836ab73cc675588800f21a3b0512e99829031e6f38f014bf6e7,5878,generated binaries excluded,complete byte hash
build/feature_flow/CMakeFiles/feature_flow_harness.dir/cmake_clean.cmake,5d7d56d3ddad537737e17f057adba8d73e989aaeab78fee1413dad908081551a,353,generated binaries excluded,complete byte hash
build/feature_flow/CMakeFiles/feature_flow_harness.dir/compiler_depend.internal,b523bea9ee7620e536801c73c4ab509a573a49e6ad8b08e2d74e309c7530cac8,81031,generated binaries excluded,complete byte hash
build/feature_flow/CMakeFiles/feature_flow_harness.dir/compiler_depend.make,ae6ad0e7752ce613da0e238841963cba39366ed71ad45fc20d3dd46689387680,164568,generated binaries excluded,complete byte hash
build/feature_flow/CMakeFiles/feature_flow_harness.dir/compiler_depend.ts,7fd10403c87544e7b5f1ac0608f423015d4d4d44a269f31f8d562f5ea62cb4b2,127,generated binaries excluded,complete byte hash
build/feature_flow/CMakeFiles/feature_flow_harness.dir/depend.make,15fec2584f5db6921ecb8d61813e1d73c96b965a7293a00d7d33660b9e47ff0c,104,generated binaries excluded,complete byte hash
build/feature_flow/CMakeFiles/feature_flow_harness.dir/flags.make,b7c3561cc481410ad744786c3fc2363d8bbe14454d74e0f2fcb4ee575d9e46f8,390,generated binaries excluded,complete byte hash
build/feature_flow/CMakeFiles/feature_flow_harness.dir/harness.cpp.o,20d8cbcdf7b5c31511712876d3dc8a59a4e95dd2d83917a5ae0ea5c24923494d,208056,generated binaries excluded,complete byte hash
build/feature_flow/CMakeFiles/feature_flow_harness.dir/harness.cpp.o.d,59a6461f17f3a2649cea4b74cc1fa3382f212a811c17611dfb43d4795fa058a6,83782,generated binaries excluded,complete byte hash
build/feature_flow/CMakeFiles/feature_flow_harness.dir/link.txt,67ffef2999d64c37db9977258212c1f37cfc6fdedf06d54ac59035ef7d7873d4,157,generated binaries excluded,complete byte hash
build/feature_flow/CMakeFiles/feature_flow_harness.dir/progress.make,c06e644090b09d41eaddf59d10bcf03c6db6499eb51fa0d03e5128e5a165cc3c,43,generated binaries excluded,complete byte hash
build/feature_flow/CMakeFiles/feature_flow_main.dir/DependInfo.cmake,8b28af305196a1663b8a742134e547144fbdd882d122799ae940fffb03c1ef70,769,generated binaries excluded,complete byte hash
build/feature_flow/CMakeFiles/feature_flow_main.dir/build.make,f688e45855b5869979821f03da45c69c08fd4067d1ee509cb48058bf26ec1348,5689,generated binaries excluded,complete byte hash
build/feature_flow/CMakeFiles/feature_flow_main.dir/cmake_clean.cmake,41fb2ca857092045eacb6a9a89d3537e24778dc14bb402d29ac374023e07a737,332,generated binaries excluded,complete byte hash
build/feature_flow/CMakeFiles/feature_flow_main.dir/compiler_depend.internal,8a9e61a88c54ec1e5ed105a7b28575fec3d765d731c1c7f3c5be56a22e63196d,81022,generated binaries excluded,complete byte hash
build/feature_flow/CMakeFiles/feature_flow_main.dir/compiler_depend.make,ecc94599fda0f61b91a68e93840ba585de65cf71bbb0249e30f31efdb841fa1e,164556,generated binaries excluded,complete byte hash
build/feature_flow/CMakeFiles/feature_flow_main.dir/compiler_depend.ts,f9d441c45bff5ae7d20901f3d32a84d7f174201c71fa25ebeb885b1f8e92f774,124,generated binaries excluded,complete byte hash
build/feature_flow/CMakeFiles/feature_flow_main.dir/depend.make,9879641881be358f9c4f30747b7d332dc047be95a02a3130022a3127331909fa,101,generated binaries excluded,complete byte hash
build/feature_flow/CMakeFiles/feature_flow_main.dir/flags.make,b7c3561cc481410ad744786c3fc2363d8bbe14454d74e0f2fcb4ee575d9e46f8,390,generated binaries excluded,complete byte hash
build/feature_flow/CMakeFiles/feature_flow_main.dir/link.txt,87788db76a332cf165fd2c3dbf8e119dea59115be7f877a898f52367e6a85e5b,148,generated binaries excluded,complete byte hash
build/feature_flow/CMakeFiles/feature_flow_main.dir/main.cpp.o,840d64230557e8c4d1703106e98d4b1e3fd8fa49ace623993a64b41c2e765e91,158936,generated binaries excluded,complete byte hash
build/feature_flow/CMakeFiles/feature_flow_main.dir/main.cpp.o.d,4dd28cf4dd9b0f83189a268566e43f6caae04939263f5f30d1bfdba0b48ca265,83773,generated binaries excluded,complete byte hash
build/feature_flow/CMakeFiles/feature_flow_main.dir/progress.make,2c0c69e4af70b4caed2b8e1bd9f161f3ee9eb525d5f041631eee6d0661e5a02f,43,generated binaries excluded,complete byte hash
build/feature_flow/CMakeFiles/progress.marks,7de1555df0c2700329e815b93b32c571c3ea54dc967b89e81ab73b9972b72d1d,2,generated binaries excluded,complete byte hash
build/feature_flow/CTestTestfile.cmake,96a564d65f5a6662bd152644241b7b6c8f35ece57b724c6785e70fc546541be3,307,generated binaries excluded,complete byte hash
build/feature_flow/Makefile,3bf0eda232f9a96ae4ef77c37b8697b7a96c6ea3ecfd6585af99303e5402199f,8163,generated binaries excluded,complete byte hash
build/feature_flow/cmake_install.cmake,b53f8e76e0e5625d399679ce8125c0472df03b4091302623616bbf37b28b216e,1398,generated binaries excluded,complete byte hash
build/feature_flow/feature_flow_harness,fc2519da445a02d572765ae442b4a5401339dbc9fa8a7125441fd19ef2ebf5a1,199000,generated binaries excluded,complete byte hash
build/feature_flow/feature_flow_main,cb3d02e5f4cb720d0c05cacd93561574326496b0931521c4a06fd6bf84e375ef,153872,generated binaries excluded,complete byte hash
build/tests/CMakeFiles/CMakeDirectoryInformation.cmake,ccf5b8f18588a72a9e579f2cdaa254af5a80a45b10532b6ad462b9c1f8facd44,643,generated binaries excluded,complete byte hash
build/tests/CMakeFiles/progress.marks,7ee29791fc17e986b97128845622b077fb45e349fdb80523fac9dba879b4ad60,3,generated binaries excluded,complete byte hash
build/tests/CMakeFiles/test_ablation_architectures.dir/DependInfo.cmake,0e24df0ba722afa90c48d4fd8f4814849791f2ff776dc055d0f841f442996a2e,837,generated binaries excluded,complete byte hash
build/tests/CMakeFiles/test_ablation_architectures.dir/build.make,5ad49a59aeb0e18208f261e19cf666270973004e7beebae65ca8e70370939184,6286,generated binaries excluded,complete byte hash
build/tests/CMakeFiles/test_ablation_architectures.dir/cmake_clean.cmake,8934514bba8e42f9a0e8bf7f7217eca1f1706ff0bae8998d4b2ffa2cce74a7f7,428,generated binaries excluded,complete byte hash
build/tests/CMakeFiles/test_ablation_architectures.dir/compiler_depend.internal,a9ecf65244b6745166b7b06482bacfb3450fa3fc4c97fa743d32002e1376c538,78201,generated binaries excluded,complete byte hash
build/tests/CMakeFiles/test_ablation_architectures.dir/compiler_depend.make,3e974fabef658a2b01b0b2eb38b132dbb3b69f8597b446060a781475402ef834,159087,generated binaries excluded,complete byte hash
build/tests/CMakeFiles/test_ablation_architectures.dir/compiler_depend.ts,d53fe93c300727b512841c334e1418fb39b91905bf9f63f9925bd3b7fad10faa,134,generated binaries excluded,complete byte hash
build/tests/CMakeFiles/test_ablation_architectures.dir/depend.make,02689dc58bea1007cf78bc17594f2b9e7c5e6c27c962d48758a62a6aebc5d75f,111,generated binaries excluded,complete byte hash
build/tests/CMakeFiles/test_ablation_architectures.dir/flags.make,b7c3561cc481410ad744786c3fc2363d8bbe14454d74e0f2fcb4ee575d9e46f8,390,generated binaries excluded,complete byte hash
build/tests/CMakeFiles/test_ablation_architectures.dir/link.txt,d48b02179731b515bc86765931b48f45acd35e4d0d3718bdd62001e57a5b5f77,191,generated binaries excluded,complete byte hash
build/tests/CMakeFiles/test_ablation_architectures.dir/progress.make,a3194f88ef5ae65b7a30877bdb3f7ab384e043aa110d7219d72f1e666ac6246b,43,generated binaries excluded,complete byte hash
build/tests/CMakeFiles/test_ablation_architectures.dir/test_ablation_architectures.cpp.o,a55f9bb11017724fc6c071e834c9c85c4aeebb26b2d1617a500be99db04f2765,24448,generated binaries excluded,complete byte hash
build/tests/CMakeFiles/test_ablation_architectures.dir/test_ablation_architectures.cpp.o.d,98fdbebabeafd3131ac46745e0917a257237752f733c944d5319793a4c29fddc,80979,generated binaries excluded,complete byte hash
build/tests/CMakeFiles/test_alpha_controller.dir/DependInfo.cmake,efd6c0e615b6732e1537876cc5d198ce06defcb15046f3d7053f47b78fd21b52,807,generated binaries excluded,complete byte hash
build/tests/CMakeFiles/test_alpha_controller.dir/build.make,1268099ee0e400dc92e1ec7ab4a2428eddfc96d25f16eff54e2ac19ffce32bf5,5908,generated binaries excluded,complete byte hash
build/tests/CMakeFiles/test_alpha_controller.dir/cmake_clean.cmake,2344c7fd88c46967576751b428106048195289147bb0219f1d6cb368a1e78dd3,386,generated binaries excluded,complete byte hash
build/tests/CMakeFiles/test_alpha_controller.dir/compiler_depend.internal,e8d853320d75771d134a082b83f4f90e5a1f45a2690fa928a3678588bd0e7ffa,77320,generated binaries excluded,complete byte hash
build/tests/CMakeFiles/test_alpha_controller.dir/compiler_depend.make,a1df0c8894ef957c26bd8c9eb0ea1f351b347be9708c0e5a64bbf7c60bbe6c50,157824,generated binaries excluded,complete byte hash
build/tests/CMakeFiles/test_alpha_controller.dir/compiler_depend.ts,21c3f35229f8adc2d54a277b3a8bacedc97c59de829d08427cd226ff69d75305,128,generated binaries excluded,complete byte hash
build/tests/CMakeFiles/test_alpha_controller.dir/depend.make,262f544f51bb8a6b39607f395f00ccf43ed293b96cea09a04ac8cc7d7359f825,105,generated binaries excluded,complete byte hash
build/tests/CMakeFiles/test_alpha_controller.dir/flags.make,b7c3561cc481410ad744786c3fc2363d8bbe14454d74e0f2fcb4ee575d9e46f8,390,generated binaries excluded,complete byte hash
build/tests/CMakeFiles/test_alpha_controller.dir/link.txt,248f34965c8078bf66e21d6f91eaf2376bf8f15fc694a0127fccb535c40106ba,173,generated binaries excluded,complete byte hash
build/tests/CMakeFiles/test_alpha_controller.dir/progress.make,d07ef668326a9a562e0a72f93d199267d5a0b8fb4172c2286a56a2cb5ef77dd0,43,generated binaries excluded,complete byte hash
build/tests/CMakeFiles/test_alpha_controller.dir/test_alpha_controller.cpp.o,e15eed47d613ac5a0c91e704245c0255d89ed318226cbe3ba867d41289619329,2888,generated binaries excluded,complete byte hash
build/tests/CMakeFiles/test_alpha_controller.dir/test_alpha_controller.cpp.o.d,e0b606fd886491cc4d3b2b0837da9580e6366cff2ada004b08f2b4621a2db8c3,79789,generated binaries excluded,complete byte hash
build/tests/CMakeFiles/test_backpressure_publisher_op.dir/DependInfo.cmake,302303c70156f0c7486c003e6d27d0f5614341a1d1b822dc1573f5272c2c4ec6,852,generated binaries excluded,complete byte hash
build/tests/CMakeFiles/test_backpressure_publisher_op.dir/build.make,74e8a24ce091b3e961b18baeaed70bc6472376beecdb273de2fe7b3230a25072,6475,generated binaries excluded,complete byte hash
build/tests/CMakeFiles/test_backpressure_publisher_op.dir/cmake_clean.cmake,6802a885de02ed9eea8564299fd6e4c1081a92cd8076cef24caac17c6044371b,449,generated binaries excluded,complete byte hash
build/tests/CMakeFiles/test_backpressure_publisher_op.dir/compiler_depend.internal,0db0c8434cce0888e2b5634c16769d237cd19b0957f606dee7a63337f65b3dae,77184,generated binaries excluded,complete byte hash
build/tests/CMakeFiles/test_backpressure_publisher_op.dir/compiler_depend.make,8b2c64bf6f98726b27a23163dc57a7b0efa827e2f48e389c1962dcda2b80bda2,157384,generated binaries excluded,complete byte hash
build/tests/CMakeFiles/test_backpressure_publisher_op.dir/compiler_depend.ts,261def07c6a6947e69b997dde8a5bb55fc1684c153d42f52ee2aa5e7deb61563,137,generated binaries excluded,complete byte hash
build/tests/CMakeFiles/test_backpressure_publisher_op.dir/depend.make,509fbf6f90b19de831c75d1c05d20fb8b1cc5b683ac5ac4c25b2919d2a569abe,114,generated binaries excluded,complete byte hash
build/tests/CMakeFiles/test_backpressure_publisher_op.dir/flags.make,b7c3561cc481410ad744786c3fc2363d8bbe14454d74e0f2fcb4ee575d9e46f8,390,generated binaries excluded,complete byte hash
build/tests/CMakeFiles/test_backpressure_publisher_op.dir/link.txt,d6504564f99ceaea97038ff79a6ef71fbdd52f13fb71825c6561d1521eaa10a1,200,generated binaries excluded,complete byte hash
build/tests/CMakeFiles/test_backpressure_publisher_op.dir/progress.make,ed3daec5b65a9ed4ecd23ef55e215b9ba204c1e5e0226807abaec0693c6df14c,44,generated binaries excluded,complete byte hash
build/tests/CMakeFiles/test_backpressure_publisher_op.dir/test_backpressure_publisher_op.cpp.o,0544ee10fdb381dd0bd833616c71e33a614e7ecce0bcdb04b5f908a16eada52c,1912,generated binaries excluded,complete byte hash
build/tests/CMakeFiles/test_backpressure_publisher_op.dir/test_backpressure_publisher_op.cpp.o.d,f9da9e50401aa0fd7b612e3c90a47906d65f6ecc1c33267f849f55141157872e,79715,generated binaries excluded,complete byte hash
build/tests/CMakeFiles/test_bpfeat_controller.dir/DependInfo.cmake,201872613b0e8056da8dc3ec0378e2c9012b37c9f3490da14daa56e0733499b7,812,generated binaries excluded,complete byte hash
build/tests/CMakeFiles/test_bpfeat_controller.dir/build.make,384ed2542753537fdde264fe792e228ab0306026782736e5f4f04a0c4e8a4b5b,5971,generated binaries excluded,complete byte hash
build/tests/CMakeFiles/test_bpfeat_controller.dir/cmake_clean.cmake,b7bca74c6018fb63c114f1a57455f7a96c352d5ae7cb9c7a30cc8bbab707c7af,393,generated binaries excluded,complete byte hash
build/tests/CMakeFiles/test_bpfeat_controller.dir/compiler_depend.internal,b6ab0d5b3a5999100c45433b9558cae914b285df7b16b2370a9d5858148ab00a,77251,generated binaries excluded,complete byte hash
build/tests/CMakeFiles/test_bpfeat_controller.dir/compiler_depend.make,24eb5fac416170dd5bfa89750d9aa9ea607686e42f17dd901dbf46be8e0f66a6,157678,generated binaries excluded,complete byte hash
build/tests/CMakeFiles/test_bpfeat_controller.dir/compiler_depend.ts,588d83a4f7a8cb9480e91ce43b1f726cc0cd0eb54266673bd410a4c753d4e1ce,129,generated binaries excluded,complete byte hash
build/tests/CMakeFiles/test_bpfeat_controller.dir/depend.make,3b5b59611e49d004f5386cd6a9078c1a7e84ce8c898ad27bb8fc0ad9c66b6251,106,generated binaries excluded,complete byte hash
build/tests/CMakeFiles/test_bpfeat_controller.dir/flags.make,b7c3561cc481410ad744786c3fc2363d8bbe14454d74e0f2fcb4ee575d9e46f8,390,generated binaries excluded,complete byte hash
build/tests/CMakeFiles/test_bpfeat_controller.dir/link.txt,ddc32d5aaaf184844df59d7ae0474e8ba3d636206c11ce9e9a346ae5638d4efb,176,generated binaries excluded,complete byte hash
build/tests/CMakeFiles/test_bpfeat_controller.dir/progress.make,b2cd0974e570a8a9216e89228e7d0c65225f2b2ccd9be7d685a1f2ee210a2a4b,45,generated binaries excluded,complete byte hash
build/tests/CMakeFiles/test_bpfeat_controller.dir/test_bpfeat_controller.cpp.o,694fe2f9e2eba1f4326178f9bb3949a678e1a1d24bcecbffb8f9feaf6bd57cee,2304,generated binaries excluded,complete byte hash
build/tests/CMakeFiles/test_bpfeat_controller.dir/test_bpfeat_controller.cpp.o.d,acb6147293798feab87b7601de1b434ea9c3bdff7ce204aa92d193ad4e16e978,79727,generated binaries excluded,complete byte hash
build/tests/CMakeFiles/test_drift_adaptive_window_op.dir/DependInfo.cmake,5e44defda9d178061b6cd5464903fdeb776448a78b334db4750ebefd8087e63e,847,generated binaries excluded,complete byte hash
build/tests/CMakeFiles/test_drift_adaptive_window_op.dir/build.make,7cc8a134ef1854e98078590eeeaabdcc371aa1a2ab6aea65f88e0a486e525320,6412,generated binaries excluded,complete byte hash
build/tests/CMakeFiles/test_drift_adaptive_window_op.dir/cmake_clean.cmake,6d0f7186d4da0958b0b7233dd27e256643a9c90acd48a4579e448990c1bb9137,442,generated binaries excluded,complete byte hash
build/tests/CMakeFiles/test_drift_adaptive_window_op.dir/compiler_depend.internal,67e647817b1227bebf9d8f8e9f59fb765ce548f1145135e0f2960610eb8aaa2a,77317,generated binaries excluded,complete byte hash
build/tests/CMakeFiles/test_drift_adaptive_window_op.dir/compiler_depend.make,dbee3ff265b12b55b2e6feb4061cc2a522167111d32d63b4b5ee88f9281e70de,157595,generated binaries excluded,complete byte hash
build/tests/CMakeFiles/test_drift_adaptive_window_op.dir/compiler_depend.ts,50b5865775c8b921ba4712a9b85f87fc63b8e96fd89832303a477455b4e57f60,136,generated binaries excluded,complete byte hash
build/tests/CMakeFiles/test_drift_adaptive_window_op.dir/depend.make,679355ffb73de11c758ef941fea70c76cbdd9566c1c946ad7efeef5e0cc55d20,113,generated binaries excluded,complete byte hash
build/tests/CMakeFiles/test_drift_adaptive_window_op.dir/flags.make,b7c3561cc481410ad744786c3fc2363d8bbe14454d74e0f2fcb4ee575d9e46f8,390,generated binaries excluded,complete byte hash
build/tests/CMakeFiles/test_drift_adaptive_window_op.dir/link.txt,575fec7e39eef1a8ec46a74665e0e6a29bafefdef9ccedb3105d4e54eb0de574,197,generated binaries excluded,complete byte hash
build/tests/CMakeFiles/test_drift_adaptive_window_op.dir/progress.make,336abba42b36796dc7cbed719727d966aaba74bbc34545e0db057981299e59dd,45,generated binaries excluded,complete byte hash
build/tests/CMakeFiles/test_drift_adaptive_window_op.dir/test_drift_adaptive_window_op.cpp.o,8ec12cff4ac79cdc638f1b5385ccfaf41e660e14395d594d7cff34602c0de763,8144,generated binaries excluded,complete byte hash
build/tests/CMakeFiles/test_drift_adaptive_window_op.dir/test_drift_adaptive_window_op.cpp.o.d,28cb5d96e6db2d70e8170865d3ff98defa90591499c3d2f6b4205d6375dc8b92,79786,generated binaries excluded,complete byte hash
build/tests/CMakeFiles/test_keyed_feature_extract_op.dir/DependInfo.cmake,3024f8d2e821dc8497bf84cf2db13c30438acb43967882f676aaa873fdb6f815,847,generated binaries excluded,complete byte hash
build/tests/CMakeFiles/test_keyed_feature_extract_op.dir/build.make,d6c771b686513e2fb19fbeb8e587a5df797d5aaaf13436dce185ec234222cc7e,6412,generated binaries excluded,complete byte hash
build/tests/CMakeFiles/test_keyed_feature_extract_op.dir/cmake_clean.cmake,78a0f05549da572302f6080cac867140129ae2717ba41aa5a484d0ee768c2b93,442,generated binaries excluded,complete byte hash
build/tests/CMakeFiles/test_keyed_feature_extract_op.dir/compiler_depend.internal,568588cb8a8a995fff83b53be2ca768d162174d9352ea5b845ab805ab30c1db0,77545,generated binaries excluded,complete byte hash
build/tests/CMakeFiles/test_keyed_feature_extract_op.dir/compiler_depend.make,4da6166f01b9452d598a4eddee911bf34d8256c5a1e8a5eb1dcb12b7c51eab0e,158069,generated binaries excluded,complete byte hash
build/tests/CMakeFiles/test_keyed_feature_extract_op.dir/compiler_depend.ts,ce6f5b52c1cb17a03f7deb0cf797784fd0ff144f5a4ef0d56ab860cbfe47b87a,136,generated binaries excluded,complete byte hash
build/tests/CMakeFiles/test_keyed_feature_extract_op.dir/depend.make,201053bdaf5de05a80c0d4c0fe7f9226894321574a7fa8a9b2c4f180c47c7fca,113,generated binaries excluded,complete byte hash
build/tests/CMakeFiles/test_keyed_feature_extract_op.dir/flags.make,b7c3561cc481410ad744786c3fc2363d8bbe14454d74e0f2fcb4ee575d9e46f8,390,generated binaries excluded,complete byte hash
build/tests/CMakeFiles/test_keyed_feature_extract_op.dir/link.txt,2bf66478db30765287ece86d02256d91b146508bc90e5c4db15391cbaaa46435,197,generated binaries excluded,complete byte hash
build/tests/CMakeFiles/test_keyed_feature_extract_op.dir/progress.make,eb6bd01e8b0bde2d5ac5a263666b54a00792bf45aba11aaed9e889e53c66a90f,45,generated binaries excluded,complete byte hash
build/tests/CMakeFiles/test_keyed_feature_extract_op.dir/test_keyed_feature_extract_op.cpp.o,b6162f6be72493584d0f7e16f167c3191759610701c801c406a7a25b1a5872b8,15336,generated binaries excluded,complete byte hash
build/tests/CMakeFiles/test_keyed_feature_extract_op.dir/test_keyed_feature_extract_op.cpp.o.d,a716f221710ad690a2acb42bd7b3463c6a1887a809b25a51d751ad10a261b4d2,80026,generated binaries excluded,complete byte hash
build/tests/CMakeFiles/test_pipeline_integration.dir/DependInfo.cmake,7714ad0c0d8960503ef235f3bb8a07b9e70a253d65ad17e5829415902d6c8aa8,827,generated binaries excluded,complete byte hash
build/tests/CMakeFiles/test_pipeline_integration.dir/build.make,f2acd4f5f6f2355d502feab593320535aa30d74291e11c09964ceffb7de0c1ad,6160,generated binaries excluded,complete byte hash
build/tests/CMakeFiles/test_pipeline_integration.dir/cmake_clean.cmake,76643d3aa5f2d1a646b8c80c6406c30a5a124a4d1ed9010709f3dfdc1d6665a9,414,generated binaries excluded,complete byte hash
build/tests/CMakeFiles/test_pipeline_integration.dir/compiler_depend.internal,f8029c01a6a13d8ff2df3fb96209a6af34c2fe1e2537ce3ddf5f45f845feeeb0,80888,generated binaries excluded,complete byte hash
build/tests/CMakeFiles/test_pipeline_integration.dir/compiler_depend.make,bf9f0f51f42c39696beb9d4234baddc1d5c86fdbedad7ef409e9510d7565eee2,164254,generated binaries excluded,complete byte hash
build/tests/CMakeFiles/test_pipeline_integration.dir/compiler_depend.ts,bdf01c8fb5dea20773590c8b385a42a8793c25b19031175714df53453668d42f,132,generated binaries excluded,complete byte hash
build/tests/CMakeFiles/test_pipeline_integration.dir/depend.make,88d0d528d2c147205c3942e20d1baaae3d873623fc7e339073e95c7121532ca3,109,generated binaries excluded,complete byte hash
build/tests/CMakeFiles/test_pipeline_integration.dir/flags.make,b7c3561cc481410ad744786c3fc2363d8bbe14454d74e0f2fcb4ee575d9e46f8,390,generated binaries excluded,complete byte hash
build/tests/CMakeFiles/test_pipeline_integration.dir/link.txt,4dd13793c3acdd9ccca18f3948c64530ee8e36d0b7a9c73b4e98ac831b3845fa,185,generated binaries excluded,complete byte hash
build/tests/CMakeFiles/test_pipeline_integration.dir/progress.make,2b0060ba57516a7d1787922a9d52fb78b16036761a30a5a9734663fce822b514,45,generated binaries excluded,complete byte hash
build/tests/CMakeFiles/test_pipeline_integration.dir/test_pipeline_integration.cpp.o,4b1f3e21a7be4e4612339b4e8585b4bc4d8cfb537f722e5a4594be3b6a623e50,93600,generated binaries excluded,complete byte hash
build/tests/CMakeFiles/test_pipeline_integration.dir/test_pipeline_integration.cpp.o.d,89f639c86a6fb09ffcaa687ae7aa46977a5ae2f269f1cdf127e948cfec59ebd5,83631,generated binaries excluded,complete byte hash
build/tests/CMakeFiles/test_ralf_window_op.dir/DependInfo.cmake,e1f27d53f30ae8aef667d04509b00cbff636dfb1d1ed587712fae4c037bbb91f,797,generated binaries excluded,complete byte hash
build/tests/CMakeFiles/test_ralf_window_op.dir/build.make,6cb89d4cc346fcf45539c50c273b8fc9b7d9105e7800d714041fb41803cadc04,5782,generated binaries excluded,complete byte hash
build/tests/CMakeFiles/test_ralf_window_op.dir/cmake_clean.cmake,d140ed496e57fb9674fe8204a8a600d7b1f3d124125639d71a237f6cc1457680,372,generated binaries excluded,complete byte hash
build/tests/CMakeFiles/test_ralf_window_op.dir/compiler_depend.internal,78ced4d3d5de36b5b4219ffba10d147ba59ba72c8ece81a8879c451beed4918f,77349,generated binaries excluded,complete byte hash
build/tests/CMakeFiles/test_ralf_window_op.dir/compiler_depend.make,7c15a76b476bc867e4bd19a5bea5cf33e2f02bacce117083069b0e5e62ce231b,157685,generated binaries excluded,complete byte hash
build/tests/CMakeFiles/test_ralf_window_op.dir/compiler_depend.ts,2c91ff7aaf4b441cfb39a7ea9375fbf0f9ca329d6cf6aed91b4382b210eada78,126,generated binaries excluded,complete byte hash
build/tests/CMakeFiles/test_ralf_window_op.dir/depend.make,b0b23f659d194e5210ab0337577ea20f57c6e2e95f339ac5096975e70a6e7c51,103,generated binaries excluded,complete byte hash
build/tests/CMakeFiles/test_ralf_window_op.dir/flags.make,b7c3561cc481410ad744786c3fc2363d8bbe14454d74e0f2fcb4ee575d9e46f8,390,generated binaries excluded,complete byte hash
build/tests/CMakeFiles/test_ralf_window_op.dir/link.txt,ce2f76f23c4014a42aa2db9825d44a0704206181e148509157ff88ac1a1d983a,167,generated binaries excluded,complete byte hash
build/tests/CMakeFiles/test_ralf_window_op.dir/progress.make,71d218483f508563685f3d925d59b76c0da6534af673881fd71e5b785959df8f,45,generated binaries excluded,complete byte hash
build/tests/CMakeFiles/test_ralf_window_op.dir/test_ralf_window_op.cpp.o,457613dae40c30015377fb879f6d69b1064c6c98481d092e8b9f8ed76ad5460c,15520,generated binaries excluded,complete byte hash
build/tests/CMakeFiles/test_ralf_window_op.dir/test_ralf_window_op.cpp.o.d,d51e157f4648765e93e7c9474f84476e54fdcc355abb12ad71651fad8f60da7f,79921,generated binaries excluded,complete byte hash
build/tests/CMakeFiles/test_scoring_flush_op.dir/DependInfo.cmake,4cd1b752e6e6b7d4fedc7498563f5ac30f30e310b3935479d1ef3ada05f8e04f,807,generated binaries excluded,complete byte hash
build/tests/CMakeFiles/test_scoring_flush_op.dir/build.make,dc263e20ff3e67a7d6bfb8246d60d5fd246692200b1a32fbcd93a7ca5ba3b6dc,5908,generated binaries excluded,complete byte hash
build/tests/CMakeFiles/test_scoring_flush_op.dir/cmake_clean.cmake,57dc38e2cfae4183bc7fc93103fbdedabbec584733dc344540c804539aaf9061,386,generated binaries excluded,complete byte hash
build/tests/CMakeFiles/test_scoring_flush_op.dir/compiler_depend.internal,11d6817814cbcee4de09b4772ec5823ff4abf7ba8ad6525cccaca46fb8115974,79340,generated binaries excluded,complete byte hash
build/tests/CMakeFiles/test_scoring_flush_op.dir/compiler_depend.make,f226f4be4324392d89a9320afbe7b305f1b7111bc30fc5da88dcea9401b700ab,161538,generated binaries excluded,complete byte hash
build/tests/CMakeFiles/test_scoring_flush_op.dir/compiler_depend.ts,8b281b23283b29110ed22788f58ad01c936ad3d3c7407ec22723e0b316d083f2,128,generated binaries excluded,complete byte hash
build/tests/CMakeFiles/test_scoring_flush_op.dir/depend.make,a9d0e283416e2b9367cec7e89e3285bb53929fb745a5822f20f040f52be7d202,105,generated binaries excluded,complete byte hash
build/tests/CMakeFiles/test_scoring_flush_op.dir/flags.make,b7c3561cc481410ad744786c3fc2363d8bbe14454d74e0f2fcb4ee575d9e46f8,390,generated binaries excluded,complete byte hash
build/tests/CMakeFiles/test_scoring_flush_op.dir/link.txt,e36bb3bffd157bf283fd66b08d42de3d9f8ca33b99c7bc7912cdb92bcc202ef2,173,generated binaries excluded,complete byte hash
build/tests/CMakeFiles/test_scoring_flush_op.dir/progress.make,e923a688106861a73366a1feba05081b9b5f9bf75de86d6ab82b2332503b6be2,45,generated binaries excluded,complete byte hash
build/tests/CMakeFiles/test_scoring_flush_op.dir/test_scoring_flush_op.cpp.o,01d7403911a337fa5482ae5a5ff638cfab2bb0359dad7508d3d9bf668f008d89,25256,generated binaries excluded,complete byte hash
build/tests/CMakeFiles/test_scoring_flush_op.dir/test_scoring_flush_op.cpp.o.d,707808f1bdd9af18ed9628ab561c2fa46fe88dce89dc7403afa6a9ac6e3ce6bd,81941,generated binaries excluded,complete byte hash
build/tests/CTestTestfile.cmake,5c1b9dd1d19b773ca261f6211722d2098c2b1b0ce7cb35fce6895b85e73b2acb,3725,generated binaries excluded,complete byte hash
build/tests/Makefile,0a8d20208b9cdef6039943ad4596c8d1ab7b330f56b3eb3aa4ac4de4378ad7d5,23939,generated binaries excluded,complete byte hash
build/tests/cmake_install.cmake,334dad4bc5f569f6caf29bbafb9d11b6100344f6b2a4644735c22f217b606e01,1384,generated binaries excluded,complete byte hash
build/tests/test_ablation_architectures,830f9d97919465629d38eeb43f910c69de0d13db2b7faa245d03e8413f61d468,42584,generated binaries excluded,complete byte hash
build/tests/test_alpha_controller,5024b4e87a905b30d1ff4f0adcae254372c1628754ebde724958d7228b09564b,33656,generated binaries excluded,complete byte hash
build/tests/test_backpressure_publisher_op,6f2b51124c492a4970435926f728c195baf7bae14079d0e1fcdf7015af89b3f8,33920,generated binaries excluded,complete byte hash
build/tests/test_bpfeat_controller,8c08c2009fd31e359bd1833dd7e34060450b5c1e75d97a0a9420e6b99d59ce6e,33608,generated binaries excluded,complete byte hash
build/tests/test_drift_adaptive_window_op,1d02213bd3a7397025bb67f1da9a9c975b0901bc213fbc0665341d40821c7d18,35280,generated binaries excluded,complete byte hash
build/tests/test_keyed_feature_extract_op,1733f3804b9f7519f710cd983cb75ed3eb558152bf0cd3cb8bd19d874596afa0,36672,generated binaries excluded,complete byte hash
build/tests/test_pipeline_integration,40aed1b394074617d8de04ff90017cd1e273b7577e2ed4e8f3e343fbdf5e0a87,103224,generated binaries excluded,complete byte hash
build/tests/test_ralf_window_op,e92be576a9fd302051bdad97c4859eca14b3dca630f931de84c34d53d2eca52e,37696,generated binaries excluded,complete byte hash
build/tests/test_scoring_flush_op,9d4629992d5f4c0efd7d1b430ad2f03c75d35e046d15e74a314ed07bbefa5048,54520,generated binaries excluded,complete byte hash
claude_data_export.md,14a9bdb49be45f6b41be26e37e8fe18a5ff6f88e2894c19615d770ce14560357,430177,historical reference; not operationally migrated,complete byte hash
claude_final_results.md,ba6cd2c0c35388eef8f10ff7f5ffe1b2ce1813603032535b05ad50fd4199851c,449940,historical reference; not operationally migrated,complete byte hash
configs/backpressure_only_v1.json,dd9a9d41b9d1442e25c58e76e851819b6056c5cbd4a9a62b72f818ef45f1ed5a,469,historical reference; not operationally migrated,complete byte hash
configs/bpfeat_adaptive_v1.json,805f3978e77528df11ec80192771d3c6e10c6a88f35836f6ece1c0546470059f,631,historical reference; not operationally migrated,complete byte hash
configs/fixed_window_v1.json,f9088ac8a7320760f141867429835c2b8a09b1ec32c616a91c36ffbd4e1dbb61,425,historical reference; not operationally migrated,complete byte hash
configs/rate_throttle_v1.json,3a0e93f124737c5cce92153f7bc69b480573428214b9f0e77ef5f81d85b26218,499,historical reference; not operationally migrated,complete byte hash
data/.DS_Store,d3aec19ed977558a553e4b63dbfe2c2584e9ae1802b933765d01565c4efff456,6148,raw candidates quarantined locally; derived artifacts rejected,complete byte hash
data/raw/UserBehavior.csv,46fdd7d389c1ddc7922eb7d9014af5573a4a3045da28c6c46197636873d8f1a9,3672347465,raw candidates quarantined locally; derived artifacts rejected,complete byte hash
data/raw/creditcard.csv,76274b691b16a6c49d3f159c883398e03ccd6d1ee12d9d8ee38f4b4b98551a89,150828752,raw candidates quarantined locally; derived artifacts rejected,complete byte hash
data/replay/oracle_scores.csv,,,raw candidates quarantined locally; derived artifacts rejected,symlink target recorded
data/replay/oracle_scores_alpha0.30_deprecated.csv,09f1cd5b0b5dd28e365d550fcc77687af6e84785802f09ac9fbdb929d1b1bc4b,36304098,raw candidates quarantined locally; derived artifacts rejected,complete byte hash
data/replay/oracle_scores_canonical_alpha0.20.csv,9c388d2bd49867fa1edd499af50ab1879b6e9018335bba1f842141838a65dd5d,36301136,raw candidates quarantined locally; derived artifacts rejected,complete byte hash
data/replay/oracle_scores_ulb.csv,884e9fe8d2d705c72f19ba99663f9c00967986dd7013c327c3b5b47cfd6244b0,9082999,raw candidates quarantined locally; derived artifacts rejected,complete byte hash
data/replay/replay_causal_demo.csv,9d1ba00555f38f8aa2854a8d148d1f71f9b2f8dd9a36b12e10bb4a719ce5b2a6,1272752,raw candidates quarantined locally; derived artifacts rejected,complete byte hash
data/replay/replay_taobao_10k.csv,a32af9e29480f37c10c4e09e305adab8e915a06734cfd3bf8a820c98a936a121,56296127,raw candidates quarantined locally; derived artifacts rejected,complete byte hash
data/replay/replay_ulb.csv,e47946c71340e4d50bb6bfba89f5563a65f8f0c9fb00aab20b273e149c4e16d2,13132649,raw candidates quarantined locally; derived artifacts rejected,complete byte hash
environments/environment.md,2b7ddac0113078fe4fff7b5b80ca5d5f6947f95db7457db1ed2640a8ece9e43d,1198,historical reference; not operationally migrated,complete byte hash
factory/CHANGELOG.md,96a9eef76362b57b2a0ed37688ec3267af3aa7f6b5e0223a5b1e9d7461a95d93,123570,legacy factory retained only in archive tag,complete byte hash
factory/ClaudeInitialization.md,d42e752e91ddde68def66c4b3a8f45043cf09c8808d27c122e550785c2e879a7,799,legacy factory retained only in archive tag,complete byte hash
factory/VERSION,edc8e395a5182e3b231816e191b303407d511f70c1d9cb6d532927cc559c507c,5,legacy factory retained only in archive tag,complete byte hash
factory/architect_spec.md,adb153c2a229f8868cbb5bf87b653555182c85411fae26eb96c809dcf7427412,57489,legacy factory retained only in archive tag,complete byte hash
factory/bootstrap_manifest.yaml,8094d02b8e0e6ecf14fd6b88c445bd79f6c0292beb8b87bbb861cc8edd5c9775,18885,legacy factory retained only in archive tag,complete byte hash
factory/constitution.md,f56d67a3c864207736b7efad63c2f24d06ca618604e4f5075e816daa114b47f4,47153,legacy factory retained only in archive tag,complete byte hash
factory/domain_checklists.md,59f75881c6669c0313272e19dba550d4231011b780ebd48b91f586db7846850d,11209,legacy factory retained only in archive tag,complete byte hash
factory/dynamic_rules.md,b07b031f415814e1c63f8909155758b3ddd67670cbd68e79204074a5260815dc,120291,legacy factory retained only in archive tag,complete byte hash
factory/factory_spec.md,1e705ac3f4b16a42ef019f2c2e4fdbddd0cdf608161cffc61d70ef046323630b,83556,legacy factory retained only in archive tag,complete byte hash
factory/gatekeeper.py,d16576bcee5b2b09af3dde1add9e3756b12c0b4789d6589b13ecc6782d77e1a7,185062,legacy factory retained only in archive tag,complete byte hash
factory/gatekeeper_spec.md,969180b0334cc9d8359ce4cd59b694b54730080ab79cd3a76b067929cb6a70aa,33550,legacy factory retained only in archive tag,complete byte hash
factory/gemini_spec.md,40db79a933579ead84d2855b41ed1f7da3f1fdaa88a5ccea2028c9c89a202380,701,legacy factory retained only in archive tag,complete byte hash
factory/implementor_spec.md,8261a419c58e3e711ee8c83069809bf58e8bb4680057ea5943d7d394324644ba,42211,legacy factory retained only in archive tag,complete byte hash
factory/key_facts_TEMPLATE.md,49f0975b134a55532c5526db402cab27c8e249351dc85c7d2df44a97f4657043,1748,legacy factory retained only in archive tag,complete byte hash
factory/tests/test_gatekeeper_self_check.py,84fbcba1020a5e8db1c6a1088793520d888b43c14686a9d5bacec45c127a3e5a,8340,legacy factory retained only in archive tag,complete byte hash
factory/tests/test_gatekeeper_v1_3_4.py,139034d2dd5288ddb6b41e7387534e946154c59226ebe1c1905cab834b51a3bb,11518,legacy factory retained only in archive tag,complete byte hash
factory/tests/test_gatekeeper_v1_4_0.py,580d266490d1938cc9e4b98b2d077adc30fbea15ba73c45fa941ee12d3cba601,12902,legacy factory retained only in archive tag,complete byte hash
factory/tests/test_gatekeeper_v1_4_1.py,85801d7c443c9e15e70243e4ef72b4384373c2eb450d7e2db0432385d36ec890,9012,legacy factory retained only in archive tag,complete byte hash
factory/tests/test_gatekeeper_v1_4_2.py,273af02e66fae9553cbaa5af32b0b548528072bf454da8904cba484673a8c50e,12557,legacy factory retained only in archive tag,complete byte hash
factory/tests/test_gatekeeper_v1_4_2_mandatory_gate.py,6e7ea1c17ceeb4484f46d1629742573b96a1e2972f50e00b301a7acdeaacbcbb,12163,legacy factory retained only in archive tag,complete byte hash
factory/tests/test_gatekeeper_v1_4_2_mechanical_guards.py,127cb3eecc86e8b0c2fd396ea619f602bba6489477e8fb47036677fb9ba4cd21,15124,legacy factory retained only in archive tag,complete byte hash
factory/tests/test_gatekeeper_v2_2_0.py,8a855364cbc3cf9978acfd7978cc622a2d29a16b1e443fc8acfd82b94a29fb28,17831,legacy factory retained only in archive tag,complete byte hash
factory/venue_requirements_TEMPLATE.md,a32dccecdbb328ee86b123924ff7afbba8667fa40aca2002a44578598bb537f7,6839,legacy factory retained only in archive tag,complete byte hash
factory.md,e77bf1dfd7d3edcbbf12033c944b8aa043d355acb397b384052627cd9077fb96,41631,historical reference; not operationally migrated,complete byte hash
hardening_prompt.md,f57444cbde68c0df0301b8ce641532efb277c8ef1d181e403024a3a05fad67df,40382,historical reference; not operationally migrated,complete byte hash
models/classifier_weights.txt,cc0f005c9c498db495b73850b864387a17335de72f2a1217eb0f0a540670e136,135,historical models excluded; retraining and provenance required,complete byte hash
models/classifier_weights_ulb.norm,595fea9d6740824dd380a4286e3aafdc01d202bf3882b5a08f5e5b8ba393c675,24,historical models excluded; retraining and provenance required,complete byte hash
models/classifier_weights_ulb.txt,a9e9b67c70cbc737072ad6358a66f60083e935de77752304888624332ef6be36,142,historical models excluded; retraining and provenance required,complete byte hash
paper/draft.md,1f8a1b8901d0fe0f3b3d0a1daf9c36af125dead374ec6af781ffcc8b22ef3d41,7513,historical reference; not operationally migrated,complete byte hash
pre_cleanup_inventory.txt,68cf8abc62e2e4a924de737ed632d7479d050bde9f728d08bf5710362c2c0be2,1744,historical reference; not operationally migrated,complete byte hash
preprocessing/__pycache__/adapter.cpython-312.pyc,e674248e7986151d354b3612cadcb24d2bdda9e00ab31b91eabc015c720d2f1b,14156,fixture-only and semantic code reviewed; production lineage pending,complete byte hash
preprocessing/__pycache__/lineage.cpython-312.pyc,da33c1d65fd55cbdb565511c711660d669aa423dc4d553e92409c727a7ab4960,6990,fixture-only and semantic code reviewed; production lineage pending,complete byte hash
preprocessing/__pycache__/model_manifest.cpython-312.pyc,5cde212706eedd7c3a2ad04c253ec3f01f639bc4347878e5980a310a84431dd7,4091,fixture-only and semantic code reviewed; production lineage pending,complete byte hash
preprocessing/adapter.py,23514d1db4ae310ffeb12dd78b9cce85dd294b9a15e326f5faad4e3eff47efae,11455,fixture-only and semantic code reviewed; production lineage pending,complete byte hash
preprocessing/lineage.py,b518134a4c5b2d3dca8ac385e3ed9164a463394252a2b14077778d64d88010ef,6429,fixture-only and semantic code reviewed; production lineage pending,complete byte hash
preprocessing/model_manifest.py,8ab768cb5e8b0f0d59afab4ad84037b5217bcb2bfb91ceb88fc0053d479e44fa,2801,fixture-only and semantic code reviewed; production lineage pending,complete byte hash
project/.DS_Store,cf7dd8b861edb9db5cf70f708159dbc6e783d95b2430376379dc57185e3a5762,6148,historical governance reviewed; no transfer of PASS status,complete byte hash
project/.gatekeeper/snapshots/C01-07.json,221d9903ee2fde8c1b024d8b85aeb88471c597225d7646d134d2fcd4cd385bdf,1698,historical governance reviewed; no transfer of PASS status,complete byte hash
project/.gatekeeper/snapshots/C02-01.json,d037eae20396a18b2825ec0a3434d18cc1d53eba99b76966fcd11f13e243c8ef,1878,historical governance reviewed; no transfer of PASS status,complete byte hash
project/.gatekeeper/snapshots/C02-02.json,2332548be93747770663a5a19b9fecd9cfee157e964a42983e6c0752f277bad9,2266,historical governance reviewed; no transfer of PASS status,complete byte hash
project/.gatekeeper/snapshots/C02-03.json,8aba032650d0cc7fe9c08636d79a02e9ae489d5e691d446de79ebc9a3ee2b712,2398,historical governance reviewed; no transfer of PASS status,complete byte hash
project/.gatekeeper/snapshots/C02-04.json,66f25a78558fe4b78413195ad2a46b03ab525cb5cf371bf849767022040545ee,2396,historical governance reviewed; no transfer of PASS status,complete byte hash
project/.gatekeeper/snapshots/C02-05.json,57363842283296e37d3116dfb9152c4d70df0b11a771de8b069d8d097a0c2f7a,2395,historical governance reviewed; no transfer of PASS status,complete byte hash
project/.gatekeeper/snapshots/C02-06.json,974e59572d85631329b99afb0bb81ecc56c2da47e60084409a532b007850ce87,2255,historical governance reviewed; no transfer of PASS status,complete byte hash
project/.gatekeeper/snapshots/C02-07.json,630717b4cd096ccb36451b7b882294df8745a751c32485f653856ff93150e6c6,2516,historical governance reviewed; no transfer of PASS status,complete byte hash
project/.gatekeeper/snapshots/C02-08.json,e60a0ff318dfe919791c6e1e08587f7dcbf3540e82d5c0645e85e6a46abeb795,1983,historical governance reviewed; no transfer of PASS status,complete byte hash
project/.gatekeeper/snapshots/C03-01.json,f35570c73a08e534bbd9a812e24a734fd6a6aac78eb5790d21ff303dab37592a,1453,historical governance reviewed; no transfer of PASS status,complete byte hash
project/.gatekeeper/snapshots/C03-02.json,ac8ef5cc8b675cd78fd7654771235934fbd19ba808be3b388dcf4a1577843dff,906,historical governance reviewed; no transfer of PASS status,complete byte hash
project/.gatekeeper/snapshots/C03-03.json,cd7b5bf2ebd35c1c89dac8b5f3483079e052e0044aa84131e23a5a33a92284fa,612,historical governance reviewed; no transfer of PASS status,complete byte hash
project/.gatekeeper/snapshots/C03-04.json,9e92278a563a10e59184dfeb83f75c412b924fc66952509572baaedf71a5dd46,474,historical governance reviewed; no transfer of PASS status,complete byte hash
project/.gatekeeper/snapshots/C03-05.json,7eb300e15a83e99218956ff1d4006260d52e670d8dbb8ae8bc7157e8ba2a397b,960,historical governance reviewed; no transfer of PASS status,complete byte hash
project/.gatekeeper/snapshots/C04-01.json,e3f9a456dcff2efa7067d762be3f7d684b7545371d112b64d458c1d69be6334f,1541,historical governance reviewed; no transfer of PASS status,complete byte hash
project/.gatekeeper/snapshots/C04-02.json,904eaa97e76c9362ce332e6375d876486a5c8191e190d5af15ad6d132b4b3bee,1293,historical governance reviewed; no transfer of PASS status,complete byte hash
project/.gatekeeper/snapshots/C04-03.json,fbe7e3df5aa8c6eda2d0d4803b9a548a8114d2ed3797235e907924946b7acf2c,1205,historical governance reviewed; no transfer of PASS status,complete byte hash
project/.gatekeeper/snapshots/C04-04.json,e0b3caa69868676ee7831687caf87d5db1cc85e0066af79b143396f9a61a4b0f,1737,historical governance reviewed; no transfer of PASS status,complete byte hash
project/.gatekeeper/snapshots/C04-05.json,07e76683de98365b4c36f43f98ac3090411c8dddcf427c1e6e306ba40499f234,1319,historical governance reviewed; no transfer of PASS status,complete byte hash
project/.gatekeeper/snapshots/C04-06.json,ed199c2ae261b19337041e02c7d00f42aea0ad56dc2ad2781a0c6ce097d3b897,1457,historical governance reviewed; no transfer of PASS status,complete byte hash
project/.gatekeeper/snapshots/C04-07.json,9cb719fa4a6cd3789dfed3b5b57bca4f8f07fd4579e010d8f6fcacf728489dc5,1074,historical governance reviewed; no transfer of PASS status,complete byte hash
project/.gatekeeper/snapshots/C04-08.json,2d5467bfcdb0f545c2e3011cf5d66e922a12134cffeb808188cc531f6df58605,1278,historical governance reviewed; no transfer of PASS status,complete byte hash
project/.gitignore,e1b1919a89fa6d2d16f6cfd36e72078c4ea57ed554d2616b5580225cf7d719c4,140,historical governance reviewed; no transfer of PASS status,complete byte hash
project/AI_Note.md,940f1622a7035c859b3dba601522bdcb4312c1fcb67e01ff1457b0ce4d1a4136,2838,historical governance reviewed; no transfer of PASS status,complete byte hash
project/architecture.md,cbc354e7b9023c492447be36a2a43178aeadc0decf20c0100981fd0927600540,39919,historical governance reviewed; no transfer of PASS status,complete byte hash
project/chunks/chunk01/chunk01.md,50f25254a10dddc5569e257feb809eb8d79652cf4745753f62dc8a064a8087d0,20093,historical governance reviewed; no transfer of PASS status,complete byte hash
project/chunks/chunk01/chunk_report.md,53a668868613d5bb8dd513127cd5e4c6e269de102388ffc01e8d7236b864f10d,8682,historical governance reviewed; no transfer of PASS status,complete byte hash
project/chunks/chunk01/contracts/C01-01_contract.md,a859a58155cd5fdf5ce93d92cb8e5b40ce6a250c4bee61096f1bf06eac5a5f80,16035,historical governance reviewed; no transfer of PASS status,complete byte hash
project/chunks/chunk01/contracts/C01-02_contract.md,95564f7593277cb7a2e70e181414782a3f2348f4134dbe9cc485ad83d119fc87,12793,historical governance reviewed; no transfer of PASS status,complete byte hash
project/chunks/chunk01/contracts/C01-03_contract.md,55edfeb51e9a30d81a75aad6ad25abd4fb865f5edf40b169739f072fbfd6d0bf,14197,historical governance reviewed; no transfer of PASS status,complete byte hash
project/chunks/chunk01/contracts/C01-04_contract.md,bb2e016c4f513d12fd0638db94b03947ba6fb01d6c68feb0ef27e94aadd3bd2f,15461,historical governance reviewed; no transfer of PASS status,complete byte hash
project/chunks/chunk01/contracts/C01-05_contract.md,638486466ae19a8464ac15fb06b8107f06965be1e4bb7c12f7268adb6c5057f6,12950,historical governance reviewed; no transfer of PASS status,complete byte hash
project/chunks/chunk01/contracts/C01-06_contract.md,4a73d65af8775383a010dcf46a5538ca06d5ef18207c8bcfe42d9f5dd1289394,10299,historical governance reviewed; no transfer of PASS status,complete byte hash
project/chunks/chunk01/contracts/C01-07_contract.md,551924d34917bb626b21230c77c1e3b5aa05bafb05f518790c62d826325ae949,17110,historical governance reviewed; no transfer of PASS status,complete byte hash
project/chunks/chunk01/contracts/C01-08_contract.md,6bde2019f263740c57f7534c7911d896594146bd5b870d153f2ab4498ddb3741,11315,historical governance reviewed; no transfer of PASS status,complete byte hash
project/chunks/chunk01/evidence/C01-01_disposition_register.md,4d0c65648232d3449db5b0e7c0387b063a9cdbfc389fbd1410c69b775de99d23,236688,historical governance reviewed; no transfer of PASS status,complete byte hash
project/chunks/chunk01/evidence/C01-01_inventory.json,7ae8a3795243837ad3fe6adb542774024cbe085ae53c19a0832399a2438b8ea7,934091,historical governance reviewed; no transfer of PASS status,complete byte hash
project/chunks/chunk01/evidence/C01-02_differential.md,977e1146f527c5dada6d9ae071cc68ac44e1f32526b3d39d8601d586d7a28de7,1396,historical governance reviewed; no transfer of PASS status,complete byte hash
project/chunks/chunk01/evidence/C01-02_knowledge_map.md,e9f617e85e787474effa483a0f9b0ee0c7d9954a82ecbd699694e9092c920dbb,3541,historical governance reviewed; no transfer of PASS status,complete byte hash
project/chunks/chunk01/evidence/C01-02_legacy_manifest.json,7cd8bb99b340a50728f05879cbd48a9f67bdbb7ef61618ebac708b0f13a7fc53,47565,historical governance reviewed; no transfer of PASS status,complete byte hash
project/chunks/chunk01/evidence/C01-03_migration_map.yaml,cb3e77b0c7a188d46d09fa81519bb17e014cfec7af89b7386bd2da8ebc8387df,22579,historical governance reviewed; no transfer of PASS status,complete byte hash
project/chunks/chunk01/evidence/C01-03_migration_protocol.md,bffe29eb65e7eadbb9d3a509c02b91880ac4f33355f23edf8d7db5837cc7f22b,2354,historical governance reviewed; no transfer of PASS status,complete byte hash
project/chunks/chunk01/evidence/C01-04_externalization_manifest.json,d2bcb9c38632403d29bd671bb5c7d32210876a6aa82d678320ebe83b09af8565,1703231,historical governance reviewed; no transfer of PASS status,complete byte hash
project/chunks/chunk01/evidence/C01-04_index_plan.md,474c8283b7aa7a75dba4da6e85c3d6cc41ab7335484ca2a94930cc7c1b013887,23118,historical governance reviewed; no transfer of PASS status,complete byte hash
project/chunks/chunk01/evidence/C01-04_storage_requirements.md,c806d5cafa26e75c0b06a1cda37074a26f7507050427731a3defce953e1e1a16,4249,historical governance reviewed; no transfer of PASS status,complete byte hash
project/chunks/chunk01/evidence/C01-05_build_baseline.md,f55674166607980dee5ba48b0946748c681c1acb74f7922dbd0280fa82736efd,4613,historical governance reviewed; no transfer of PASS status,complete byte hash
project/chunks/chunk01/evidence/C01-05_environment_report.json,df0349bd63647fe08367810c4d44e543c4fa4e79a387f777a64924d046ce5d1b,27812,historical governance reviewed; no transfer of PASS status,complete byte hash
project/chunks/chunk01/evidence/C01-06_policy_register.md,59780224c513425589b3de9c124422076d2ee3cf13364e3096311225b4ead8e9,5686,historical governance reviewed; no transfer of PASS status,complete byte hash
project/chunks/chunk01/evidence/C01-07_assumption_stop_register.md,fdeda222dbe8d7518bb8cbbbe7de995ea7aabdcb60c70a2095d86dd68f8cc775,2306,historical governance reviewed; no transfer of PASS status,complete byte hash
project/chunks/chunk01/evidence/C01-07_baseline_taxonomy.md,4aaecee361926d20336c10a7d83908f3ade016680d3a04fcc3b7c05820b52e23,2519,historical governance reviewed; no transfer of PASS status,complete byte hash
project/chunks/chunk01/evidence/C01-07_claim_quarantine.md,c69a442429d7788061baaa8ef42231e0139587cb3b28d2407ac5ab9691426e25,3309,historical governance reviewed; no transfer of PASS status,complete byte hash
project/chunks/chunk01/evidence/C01-07_condition_crosswalk.md,64f6ee200f30efe0afca13c4d6bcc63aa41e51ca1a3ab3ee1847df325fae6a9b,1318,historical governance reviewed; no transfer of PASS status,complete byte hash
project/chunks/chunk01/evidence/C01-07_data_provenance_route.md,7af89862f2b355aaf707bb8e12e8608742715c8a6a17aad6e3d1b4788400fdd7,2513,historical governance reviewed; no transfer of PASS status,complete byte hash
project/chunks/chunk01/evidence/C01-07_initialization_conditions.yaml,810a8c0918011a3e27d4def2ecb6fc859ece0bcc2809204000c0114e6b39dd7a,11288,historical governance reviewed; no transfer of PASS status,complete byte hash
project/chunks/chunk01/evidence/C01-07_negative_result_decision_tree.md,2d641b039badccdbd615ed6e0b7584b10bd83f180ceabce098284596c07b985a,2160,historical governance reviewed; no transfer of PASS status,complete byte hash
project/chunks/chunk01/evidence/C01-07_review_path_disclosure.md,ac73f81ca8a0f7b1b8b3a1313fdb0f403be1c3202f62d1fa154d0711fb56e207,1348,historical governance reviewed; no transfer of PASS status,complete byte hash
project/chunks/chunk01/evidence/C01-07_statistical_preregistration_skeleton.md,81a85eb7d50c0e02f617c7af211fbffdbb4a8280b0101e98715ba00a47f11b21,2508,historical governance reviewed; no transfer of PASS status,complete byte hash
project/chunks/chunk01/evidence/C01-07_title_claim_register.md,179561ac488c6536da44f09b968135cfee043e640a05ba6ba5c86bac734b5763,1477,historical governance reviewed; no transfer of PASS status,complete byte hash
project/chunks/chunk01/evidence/C01-07_venue_compliance_matrix.md,1ee0e5fadc21d602315dab26d9e8ae2dac992225ab9f4e02f66d3610e1b72345,1924,historical governance reviewed; no transfer of PASS status,complete byte hash
project/chunks/chunk01/execution_manifest.yaml,cb0a84877ed7729dd9ce8caeff489db523b706d25841b708d35925b655790ba0,17092,historical governance reviewed; no transfer of PASS status,complete byte hash
project/chunks/chunk01/reports/C01-01/contract_report.md,01a0402214f1a6c63f06de7519e12db245790b9f08b0daf041e8e1ceb8681724,14173,historical governance reviewed; no transfer of PASS status,complete byte hash
project/chunks/chunk01/reports/C01-02/contract_report.md,2ebd03a7735d324127d2d5644e93b999cc46b1b34c888e63794143501e054540,15596,historical governance reviewed; no transfer of PASS status,complete byte hash
project/chunks/chunk01/reports/C01-03/contract_report.md,520a8ab2a7516b7c3a55151561876fba08a54c4ac44789efeb72345b0a17d98b,9830,historical governance reviewed; no transfer of PASS status,complete byte hash
project/chunks/chunk01/reports/C01-04/contract_report.md,957eddd854040d7bdf7b4d87e9b728a9ea8ecbbcae29d390ac35933b4a41fc66,8459,historical governance reviewed; no transfer of PASS status,complete byte hash
project/chunks/chunk01/reports/C01-05/contract_report.md,b81f0a192cbe57aa28ca2c1b68848f39554db74604dc38356bb36dd3e0b9765a,15776,historical governance reviewed; no transfer of PASS status,complete byte hash
project/chunks/chunk01/reports/C01-06/contract_report.md,bfd60fef1a92461d5b8b675dbbd769e222048ad0ed44f6fddb8c9f17e108ef4d,9760,historical governance reviewed; no transfer of PASS status,complete byte hash
project/chunks/chunk01/reports/C01-07/contract_report.md,e481472d9000cb3f34988dd61905484fde72af43f905d4004297eef370b97c27,14004,historical governance reviewed; no transfer of PASS status,complete byte hash
project/chunks/chunk01/scripts/c01_01_inventory.py,88880fb475ca4d82ca9ae904cbc06bfa19b37632537d6d78a18be7985ec3d446,29429,historical governance reviewed; no transfer of PASS status,complete byte hash
project/chunks/chunk01/scripts/c01_02_legacy_diff.py,9f429f01c0816ff1cef7d90cb1fd1686726552efd0d2b5723cab1a7c71af8e57,19141,historical governance reviewed; no transfer of PASS status,complete byte hash
project/chunks/chunk01/scripts/c01_03_migration_verify.py,1a13b02faff9c5774f41591a1bdd6cdd3f2abc213c54580c90b56dc527cb61a0,12772,historical governance reviewed; no transfer of PASS status,complete byte hash
project/chunks/chunk01/scripts/c01_04_externalization_verify.py,a2c86b96bc25533ba98340c468941b9072df4afd15a0e91a098e3e99dcb29ebb,13620,historical governance reviewed; no transfer of PASS status,complete byte hash
project/chunks/chunk01/scripts/c01_05_environment_probe.py,e5ec8b2f522c24150222d3ccdb069321b56481ebcbd4f00192f12d74640fd8ec,6701,historical governance reviewed; no transfer of PASS status,complete byte hash
project/chunks/chunk01/scripts/c01_07_condition_check.py,a8067f9d1c7b546c4271a68bf166d5711a7c4f14f2daa6189c413425759465db,5135,historical governance reviewed; no transfer of PASS status,complete byte hash
project/chunks/chunk02/chunk02.md,459b88b00342a505b09e4d651f9d1f7018b0e4bd2646c7c400ae9add2fa39953,16431,historical governance reviewed; no transfer of PASS status,complete byte hash
project/chunks/chunk02/chunk_report.md,0b69c81838b3baaec48eaaa54bc5bb15389751f05b3e234e97bb40ff94611928,3697,historical governance reviewed; no transfer of PASS status,complete byte hash
project/chunks/chunk02/contracts/C02-01_contract.md,17133ec3ba068aa58f94f63b2018b946b0ecfe6dd79f88f6b093c68eb77fdcff,7883,historical governance reviewed; no transfer of PASS status,complete byte hash
project/chunks/chunk02/contracts/C02-02_contract.md,8b60dd11ec124e0578fb709ead338a25e7defeeb720abaeb9a30acea28e2b229,7415,historical governance reviewed; no transfer of PASS status,complete byte hash
project/chunks/chunk02/contracts/C02-03_contract.md,b61015effb8bf877ebf4dbc4499dba35286bfd27c12e15479b3b219c44c2e41a,7175,historical governance reviewed; no transfer of PASS status,complete byte hash
project/chunks/chunk02/contracts/C02-04_contract.md,62c5d03c0e4d7b8886385922a8d537e24d5726f3d6c96dad646c3cdcf30063e7,7077,historical governance reviewed; no transfer of PASS status,complete byte hash
project/chunks/chunk02/contracts/C02-05_contract.md,836345b31812f8fb702814dc9f1c0d7de1112bdf8bb95d6372beace9153b3c58,7060,historical governance reviewed; no transfer of PASS status,complete byte hash
project/chunks/chunk02/contracts/C02-06_contract.md,2b8f945936d181516d3c70fb891db15d1bc56a9dbb396d0bd9f42bb5ad5214e4,5617,historical governance reviewed; no transfer of PASS status,complete byte hash
project/chunks/chunk02/contracts/C02-07_contract.md,704edc7fca10c6bc7576a26c2534b690abea4ad01d0dca19e3db634b22edd673,5770,historical governance reviewed; no transfer of PASS status,complete byte hash
project/chunks/chunk02/contracts/C02-08_contract.md,4798ad1c1d4f5ec0299b73ad696e2084b190cd9d1d4406c7200f48c56ef8260f,5196,historical governance reviewed; no transfer of PASS status,complete byte hash
project/chunks/chunk02/evidence/C02-02_lifecycle_spec.md,14b43c4c6305821ab09adc2cae3ef6087fe33c34a9be3331717abdd320f1944d,3761,historical governance reviewed; no transfer of PASS status,complete byte hash
project/chunks/chunk02/evidence/C02-03_accounting_spec.md,4ef88ba7841e707ab099c62726c0d9ab779d3f60dc4ae1394aa710aed2d14f7b,2020,historical governance reviewed; no transfer of PASS status,complete byte hash
project/chunks/chunk02/evidence/C02-04_queue_contract.md,e3537925b05a339fd50525a14bc39bf9e12b2971c7353ef6c37542549cf12751,1698,historical governance reviewed; no transfer of PASS status,complete byte hash
project/chunks/chunk02/evidence/C02-05_expected_topologies.json,32342bf6c775b388e8102b01f3612f2890bfba20a0fc221b94c329b6cf353c21,174,historical governance reviewed; no transfer of PASS status,complete byte hash
project/chunks/chunk02/evidence/C02-05_topology_contract.md,60eda011462976adc14abbabacd7d1260e27d638116f2fcee1b2b9d26852f815,1383,historical governance reviewed; no transfer of PASS status,complete byte hash
project/chunks/chunk02/evidence/C02-05_topology_schema.md,f2d631b546dab4cf7268e2878e51bd8055c8c516d04c4c842febbdf5ab0d82d3,513,historical governance reviewed; no transfer of PASS status,complete byte hash
project/chunks/chunk02/evidence/C02-06_native_trace.jsonl,b6b3a0d947aee51b8929b8cd017b84b1db55ba46dc24989243bb61f05e315654,521,historical governance reviewed; no transfer of PASS status,complete byte hash
project/chunks/chunk02/evidence/C02-06_trace_schema.md,011e69eea4550ce194dd500375118b54019f09c2595860efeaa0b71e480bc948,1198,historical governance reviewed; no transfer of PASS status,complete byte hash
project/chunks/chunk02/evidence/C02-07_adversarial_matrix.md,2897fe7c6844c2114814b1bdd832dd98bde61008cf51ea821af49477966b1d02,1119,historical governance reviewed; no transfer of PASS status,complete byte hash
project/chunks/chunk02/evidence/C02-08_audit_readiness.md,d72bc3f1652a142cc70223433fe54e9f41b4b39b4a61af96d831f11f1bb8d0dd,693,historical governance reviewed; no transfer of PASS status,complete byte hash
project/chunks/chunk02/evidence/C02-08_raw_artifact_index.md,7e2c6f6c112ca625c82183201b4fa9109dce6949fee21b96d1b772ab0601e19d,1221,historical governance reviewed; no transfer of PASS status,complete byte hash
project/chunks/chunk02/execution_manifest.yaml,2766d945dd77c8c61b085a70e7887aa23fba0d56a01953e2545e23eb0d5e62a4,21400,historical governance reviewed; no transfer of PASS status,complete byte hash
project/chunks/chunk02/fix_package.md,90310db2b7f13c9d3e34d67eda30147dbebcbfd2ba37feb88bc527e4e50022e3,8964,historical governance reviewed; no transfer of PASS status,complete byte hash
project/chunks/chunk02/reports/C02-01/contract_report.md,638fd394cc71e0bc876663fb3d41ec9286cd9aeaa46218941ee170ab1b759da6,15979,historical governance reviewed; no transfer of PASS status,complete byte hash
project/chunks/chunk02/reports/C02-02/contract_report.md,f00bd30e37d979e93a0209eb0d5f6d7fbce6b425ee6dc243f96bb71751962a63,2736,historical governance reviewed; no transfer of PASS status,complete byte hash
project/chunks/chunk02/reports/C02-03/contract_report.md,adf7d637fbba3297a56eb4bccaa2b2436d03ed787be27790ebbabde7b8213c21,2689,historical governance reviewed; no transfer of PASS status,complete byte hash
project/chunks/chunk02/reports/C02-04/contract_report.md,743c98c7e47efb220cc04aab98a800ced62a960ea5a01253464846410c61bba6,2397,historical governance reviewed; no transfer of PASS status,complete byte hash
project/chunks/chunk02/reports/C02-05/contract_report.md,19f2445cdab522391f2b00ff2efa9992e4018404df38aedc7ede5c52de82807f,1505,historical governance reviewed; no transfer of PASS status,complete byte hash
project/chunks/chunk02/reports/C02-06/contract_report.md,846acb40739f533311eb4643c526389ce8c45ff159500c4cb1ac03ea7f17da1d,1606,historical governance reviewed; no transfer of PASS status,complete byte hash
project/chunks/chunk02/reports/C02-07/contract_report.md,2492edc5f7e416b20a44c4342109ebd2cc4439d5499a19829c8201cd3f6e7c42,2233,historical governance reviewed; no transfer of PASS status,complete byte hash
project/chunks/chunk02/reports/C02-08/contract_report.md,e04086f7aa868788b3a0af7e8301fd0b1c60a91d66a55617f0363b1ba62fb049,1403,historical governance reviewed; no transfer of PASS status,complete byte hash
project/chunks/chunk02/scripts/c02_02_boundary_runner.py,3f63a56242c8298f6e4b2cb65d5a8aef72069bfef6232cb67601c04d11616897,1327,historical governance reviewed; no transfer of PASS status,complete byte hash
project/chunks/chunk02/scripts/c02_02_lifecycle_check.py,8628e384f263ded82be38beffa3c41322326820d64a0a0774657c69816d6a8aa,1891,historical governance reviewed; no transfer of PASS status,complete byte hash
project/chunks/chunk02/scripts/c02_03_accounting_check.py,9049022556d2b75e78f91a476a6c82b8abedb54b830e015eed75b7296440ba0c,1363,historical governance reviewed; no transfer of PASS status,complete byte hash
project/chunks/chunk02/scripts/c02_03_boundary_matrix.py,b94885545717e247d657fc79f9c6c066baba4a1eba216712a296fa1e09aa95a6,1233,historical governance reviewed; no transfer of PASS status,complete byte hash
project/chunks/chunk02/scripts/c02_04_queue_check.py,2ab9fcc98da001d7ee91d07be38bf5164196762c7d44327a9d71abd635b20cee,1337,historical governance reviewed; no transfer of PASS status,complete byte hash
project/chunks/chunk02/scripts/c02_05_manifest_diff.py,6ac466a6bf76f8ee87ec1623d0ae6a8a2775654d587a5bd3a4f1c7043a9cb9db,1335,historical governance reviewed; no transfer of PASS status,complete byte hash
project/chunks/chunk02/scripts/c02_05_topology_check.py,66bd89c2701bf841a288b9334fce89f24749d585fad7e341b70a3bdff9f02317,1293,historical governance reviewed; no transfer of PASS status,complete byte hash
project/chunks/chunk02/scripts/c02_06_trace_check.py,799586e6207d8639ee2de74d547722316798c488cea3d34e5f62eec676cd0040,2049,historical governance reviewed; no transfer of PASS status,complete byte hash
project/chunks/chunk02/scripts/c02_06_trace_replay_check.py,da3ede404dd542af9487ab79bbd18082b880ff3717061b72b2737abf8f4e1032,116,historical governance reviewed; no transfer of PASS status,complete byte hash
project/chunks/chunk02/scripts/c02_07_adversarial_suite.py,ed7a6ad2e2053f9cef4d64c0ff5db4bc7493bf26fc821dc1e65a5155e2c1d8c6,1385,historical governance reviewed; no transfer of PASS status,complete byte hash
project/chunks/chunk02/scripts/c02_07_repeatability_check.py,72f13a1680f5cfc0751ce3f5785ce6366b8d47ef1142fd59179fca1217ba9560,514,historical governance reviewed; no transfer of PASS status,complete byte hash
project/chunks/chunk02/scripts/c02_08_audit.py,f3f4c657fc0d7bb6d2f6c9f8040eba715da6ca601e03d7969666418eb3f36ad0,1511,historical governance reviewed; no transfer of PASS status,complete byte hash
project/chunks/chunk02/scripts/run_exact_count_boundary_tests.sh,cf9c3352d784d4c793578d70ecd573941addbcbf591554270ceb17b999362828,126,historical governance reviewed; no transfer of PASS status,complete byte hash
project/chunks/chunk02/scripts/run_failure_injection_tests.sh,bf2c44f3b0c8b7fe1a3f6bd8077a6e016e53a21bc01166cc112003de053d8d39,126,historical governance reviewed; no transfer of PASS status,complete byte hash
project/chunks/chunk02/scripts/run_queue_lifecycle_tests.sh,ffb02e9ba5ce4b3133fe8a58bcf14a183fe5d57504656f20a8ab8feb00b1c3e9,124,historical governance reviewed; no transfer of PASS status,complete byte hash
project/chunks/chunk02/scripts/run_sanitizers.sh,07319704c289ae7214f57453a279e70d3fe842437dc05f6c71e7d6e6e6d12bb3,200,historical governance reviewed; no transfer of PASS status,complete byte hash
project/chunks/chunk02/scripts/run_topology_trace_tests.sh,19d2e276e1196e725904f7807b5ec1bc646e39dc343163b4fd87d75d287803d4,165,historical governance reviewed; no transfer of PASS status,complete byte hash
project/chunks/chunk03/chunk03.md,17ecb4863a1eed33cff384f1fd688c6575bb01ff23a69acc47746684078c72d6,5792,historical governance reviewed; no transfer of PASS status,complete byte hash
project/chunks/chunk03/chunk_report.md,d8e02f493e5322c8ea56220167708a12b87b0684ec191b70a556b5fce236be22,4156,historical governance reviewed; no transfer of PASS status,complete byte hash
project/chunks/chunk03/contracts/C03-01_contract.md,f22116d920d5aed7104896885d31a87c39bc1566be7392b710945118eeec9473,2432,historical governance reviewed; no transfer of PASS status,complete byte hash
project/chunks/chunk03/contracts/C03-02_contract.md,5d4ce921feded7960fb65bc14b4097462184ed3d2a928beb6844d4dccb58c32f,1848,historical governance reviewed; no transfer of PASS status,complete byte hash
project/chunks/chunk03/contracts/C03-03_contract.md,73774cf9c01153a7f0d3595a9445200a1c43ca67305c156559f9710f05fc0888,853,historical governance reviewed; no transfer of PASS status,complete byte hash
project/chunks/chunk03/contracts/C03-04_contract.md,889b22d92953542a05bc22cebdd0d45b6c3d5e7fe32da49219fd5272e3c23395,814,historical governance reviewed; no transfer of PASS status,complete byte hash
project/chunks/chunk03/contracts/C03-05_contract.md,3b77d3fa3833d16badd01c81dfe249edcfaeaa8b558c7dbee2f8cd80d3393678,806,historical governance reviewed; no transfer of PASS status,complete byte hash
project/chunks/chunk03/evidence/C03-01_reference.py,b8c9dbb94e933424a4e45a5d317ec55af4c9d49b322f1378ff17600e86e3e4fc,1664,historical governance reviewed; no transfer of PASS status,complete byte hash
project/chunks/chunk03/evidence/C03-01_semantic_spec.md,94e7c43f406321a779d03a49a15d9a27e7e7dfc2dbd8ef39a364eb33026c623b,2441,historical governance reviewed; no transfer of PASS status,complete byte hash
project/chunks/chunk03/evidence/C03-02_controller_vectors.md,2a87af0602245ef798af721ed27217307a045ba4bf96675de4cb87efa1e0cbcb,1238,historical governance reviewed; no transfer of PASS status,complete byte hash
project/chunks/chunk03/evidence/C03-03_adapter_schema.md,c26cfe81beff3b124b5cc0af5b527f6b4802b91aa4803b5833915132538567a5,6420,historical governance reviewed; no transfer of PASS status,complete byte hash
project/chunks/chunk03/evidence/C03-04_method_fidelity.yaml,5e6cd85c1f3eca214864500413b3c33e5eed631c2d835ffcf13dc4559598b9a6,3475,historical governance reviewed; no transfer of PASS status,complete byte hash
project/chunks/chunk03/evidence/C03-05_audit_schema.md,337f779e78bab1de397b788e6a25f4a827f09a0590230945e85f2cecb895002c,2535,historical governance reviewed; no transfer of PASS status,complete byte hash
project/chunks/chunk03/evidence/C03-05_semantic_registry.json,6f1d0f5ce3779cfaf610f18803146ae24334a18e011567544aadfea2340cfc22,1491,historical governance reviewed; no transfer of PASS status,complete byte hash
project/chunks/chunk03/evidence/__pycache__/C03-01_reference.cpython-312.pyc,261f182d35f56deeec9be8fd15be7f081241ddfe44733bd6fdc7c804d53ae784,3323,historical governance reviewed; no transfer of PASS status,complete byte hash
project/chunks/chunk03/execution_manifest.yaml,23eea0fe43a71412df204ed342a12e2323cfd2f3754d2408e67b204fd9a0940f,6150,historical governance reviewed; no transfer of PASS status,complete byte hash
project/chunks/chunk03/fix_package.md,ce9d3852affa1a0a76a9dc5de70913e7d91da98dfe63d3830ab5b3fe788cec85,633,historical governance reviewed; no transfer of PASS status,complete byte hash
project/chunks/chunk03/reports/C03-01/contract_report.md,fc076697c271858fff8ffa92d3fb6b46bae427ccc62e75f4b4033ecee0ff9f78,1588,historical governance reviewed; no transfer of PASS status,complete byte hash
project/chunks/chunk03/reports/C03-02/contract_report.md,55f5495efd438ea5b31dd3462d4aaa6ba1394b339be4b7d32fed67fe0bbf7c73,1499,historical governance reviewed; no transfer of PASS status,complete byte hash
project/chunks/chunk03/reports/C03-03/contract_report.md,07d206b4e43ac63c0ed6f87e6574cd1ed1db7459cdc271131b66602136db3aa9,5578,historical governance reviewed; no transfer of PASS status,complete byte hash
project/chunks/chunk03/reports/C03-04/contract_report.md,73f740ba1f22185a26bdca2a43b316881455f866f1ed1b1f4d03667c01ca5529,3072,historical governance reviewed; no transfer of PASS status,complete byte hash
project/chunks/chunk03/reports/C03-05/contract_report.md,e6d7470367a9c44ec2f613d7aa0ebfd9d4c989d042d12fa60a3e8264fa5735f4,3043,historical governance reviewed; no transfer of PASS status,complete byte hash
project/chunks/chunk03/scripts/c03_01_reference_check.py,adf3eb6844730747b7a8422e8ae38680395fb7ff6bff72596cef971bbbbc46e1,1441,historical governance reviewed; no transfer of PASS status,complete byte hash
project/chunks/chunk03/scripts/c03_02_differential_check.py,392666f25d14863e0ca6b1dd9d4bd0c35d5cd140c1897bb4d4c6c075c66e02ab,1688,historical governance reviewed; no transfer of PASS status,complete byte hash
project/chunks/chunk03/scripts/c03_03_adapter_check.py,45a9331bddcf32e64ed3e956845b193ad5ae15ffde29f7e6110e107e1f8e1563,1076,historical governance reviewed; no transfer of PASS status,complete byte hash
project/chunks/chunk03/scripts/c03_04_fidelity_check.py,ddf49c1e1224e56bac6976ccd9daa94f9ae866583279f56eb49a21138264a8a9,905,historical governance reviewed; no transfer of PASS status,complete byte hash
project/chunks/chunk03/scripts/c03_05_audit.py,37f8557619ab9fc234c16d151607f0cd26bfa8bd576ce93930d15720392c1869,3040,historical governance reviewed; no transfer of PASS status,complete byte hash
project/chunks/chunk04/chunk04.md,95dbe8437d8ff94e2a7e4fcf6c3ff7493fc9ff584e1ec243ba316b51d3efdaf0,19016,historical governance reviewed; no transfer of PASS status,complete byte hash
project/chunks/chunk04/chunk_report.md,9e863d0765c0da7d01259c4fa898ce2de4299d1be0a74dc0f9c30bccc58fff7e,4776,historical governance reviewed; no transfer of PASS status,complete byte hash
project/chunks/chunk04/contracts/C04-01_contract.md,ffcfcd2274ad79ce8eb4a6ee602262d85769a3abcbd52c1e08afc60a665ac40e,9298,historical governance reviewed; no transfer of PASS status,complete byte hash
project/chunks/chunk04/contracts/C04-02_contract.md,18b83d85a3324db6d94d1cbc8662afe60b554a211cda32aeb444ccec49afc78f,6544,historical governance reviewed; no transfer of PASS status,complete byte hash
project/chunks/chunk04/contracts/C04-03_contract.md,e6523bc9a6c47c9e19f9deaa4ea45cc1b1e92e3b7c76827f2919041f0b392bc8,6620,historical governance reviewed; no transfer of PASS status,complete byte hash
project/chunks/chunk04/contracts/C04-04_contract.md,d21180a2b795330e220ddcf22bc959d26a16de1019aaf1284c25eef11080876e,6795,historical governance reviewed; no transfer of PASS status,complete byte hash
project/chunks/chunk04/contracts/C04-05_contract.md,31288a131324ae18ce8588db96265511e3e4fe9ffa38f2574e18d10a6656205e,7255,historical governance reviewed; no transfer of PASS status,complete byte hash
project/chunks/chunk04/contracts/C04-06_contract.md,db0467489e550260451a53da24272f8008991650294dfaa20b467713661ab4ce,5854,historical governance reviewed; no transfer of PASS status,complete byte hash
project/chunks/chunk04/contracts/C04-07_contract.md,ec60365f5a80401eb16922f01f70d7d34daa990763662c550c07e6b0c4e561d8,5833,historical governance reviewed; no transfer of PASS status,complete byte hash
project/chunks/chunk04/contracts/C04-08_contract.md,0fd442246916aab3702001377134d11f3d72355e4a4ecd843b1fd261ab0225bd,6215,historical governance reviewed; no transfer of PASS status,complete byte hash
project/chunks/chunk04/evidence/C04-01_acquisition_manifest.json,eb3c9925fb9d0b903b35d33845bd58401171a92aed771cf5fbd0450db83e47ab,2491,historical governance reviewed; no transfer of PASS status,complete byte hash
project/chunks/chunk04/evidence/C04-01_acquisition_manifest_schema.json,3883f2e752292bb47a93a508056dc6d8b32ce4c31812f545de3eca5af5aa3d30,1451,historical governance reviewed; no transfer of PASS status,complete byte hash
project/chunks/chunk04/evidence/C04-01_human_provenance_decision.md,103bd7a8c6212df12f176f60d2d0ab10e7ffa124fcd75f12211ddf99030ce842,3158,historical governance reviewed; no transfer of PASS status,complete byte hash
project/chunks/chunk04/evidence/C04-01_provider_receipt.json,904aef46f6d10883821b39b23dc9bf55fd58cd205f8ec55c06b89d5cafd9918a,831,historical governance reviewed; no transfer of PASS status,complete byte hash
project/chunks/chunk04/evidence/C04-02_collision_fixtures.json,f9a3191f08c0796f9ffa0ec28ff3b87fac674f175304b509b10abf43fd1aa6b2,1173,historical governance reviewed; no transfer of PASS status,complete byte hash
project/chunks/chunk04/evidence/C04-02_reality_gate_protocol.md,beef9b7ec902e0534f1604fa4ba8224a646e4a803c6afaa9eda03423d4ef57ea,2260,historical governance reviewed; no transfer of PASS status,complete byte hash
project/chunks/chunk04/evidence/C04-02_reality_gate_schema.json,c0abc45908a295b3e8f8acad9b35696742712fc38012955a781a7f0ad017ec88,1347,historical governance reviewed; no transfer of PASS status,complete byte hash
project/chunks/chunk04/evidence/C04-03_boundary_fixtures.json,703499eb984c042e8da7ac85746f0ebc0eac474afd4511d8898371a57f1ca639,1417,historical governance reviewed; no transfer of PASS status,complete byte hash
project/chunks/chunk04/evidence/C04-03_label_protocol.md,8e6e1a78b9e9c4602aec876411277d228951a271e003fd42299b95b315a1735d,2354,historical governance reviewed; no transfer of PASS status,complete byte hash
project/chunks/chunk04/evidence/C04-04_lineage_fixtures.json,a2d0211212de17a8d8039566662b95585254ca70650bc50f6066f3a7941ca6c2,1066,historical governance reviewed; no transfer of PASS status,complete byte hash
project/chunks/chunk04/evidence/C04-05_fold_fixtures.json,98c6ff3972aacbfeac4910d83de5a90e49a080fe0fa7d2634af23e7a5e7175ad,1013,historical governance reviewed; no transfer of PASS status,complete byte hash
project/chunks/chunk04/evidence/C04-05_fold_oof_protocol.md,d683900dd8038e6a09172eaf2f65b706eb12fdccc8b9efc9b36108a25a294a48,1921,historical governance reviewed; no transfer of PASS status,complete byte hash
project/chunks/chunk04/evidence/C04-05_manifest_schema.json,70d869851e41b28363a7c1f2c85da0f67ac2896af7caaae1d18a35bf4dc153a1,1212,historical governance reviewed; no transfer of PASS status,complete byte hash
project/chunks/chunk04/evidence/C04-07_entity_semantics_fixtures.json,93e4683e4e1216c5604a1261d17021aac8036458acc58d1f75cd03ec10e1fc02,672,historical governance reviewed; no transfer of PASS status,complete byte hash
project/chunks/chunk04/evidence/C04-07_ulb_relevance_decision.md,61bb33b6ac816ec7fd24bbf4729eed3ec723ff5d6c4f2acf618c38ab8d7ab4d7,1493,historical governance reviewed; no transfer of PASS status,complete byte hash
project/chunks/chunk04/evidence/C04-08_audit_registry.json,0a860501a97bc55ed7c0e3dc7c13f73963ea19d8d5df48585f3c5a413cdf3a67,10533,historical governance reviewed; no transfer of PASS status,complete byte hash
project/chunks/chunk04/evidence/C04-08_audit_schema.json,f37a99d31c6c8babbae79062c036323fd0e9e57abaf79a374c65173aedcb209a,1031,historical governance reviewed; no transfer of PASS status,complete byte hash
project/chunks/chunk04/execution_manifest.yaml,fa3ead8839212aa1059221e3c8513e982cfda61211a65cadb0c16a84db998519,12188,historical governance reviewed; no transfer of PASS status,complete byte hash
project/chunks/chunk04/fix_package.md,d78246bd92e91ead2771a5546bea5796930d9278c8a530dac489a4f711a84ee7,7526,historical governance reviewed; no transfer of PASS status,complete byte hash
project/chunks/chunk04/reports/C04-01/contract_report.md,97b632f4e69da1d5833e6025067bfa3bfe2726d9275f0c4449dd32d9203aefa6,4914,historical governance reviewed; no transfer of PASS status,complete byte hash
project/chunks/chunk04/reports/C04-02/contract_report.md,4d13214c62ec9ee54a751bdf5c0ef0e796151cd045ef438198fb7bd820f5d1ec,3695,historical governance reviewed; no transfer of PASS status,complete byte hash
project/chunks/chunk04/reports/C04-03/contract_report.md,2102a27907e9985f71fad20db7b9b9e5b14e66038b5e5afcb9ecd813d9963f8d,1375,historical governance reviewed; no transfer of PASS status,complete byte hash
project/chunks/chunk04/reports/C04-04/contract_report.md,ba4b4f7bab34a62b11cf4bab32ef03cdea6cfa8b59ed199c7f6e3c1be08504d3,5189,historical governance reviewed; no transfer of PASS status,complete byte hash
project/chunks/chunk04/reports/C04-05/contract_report.md,9c6924a80410d4ce85e199551185ebf78505819cb29ae97bb8680ba2d4926dad,1632,historical governance reviewed; no transfer of PASS status,complete byte hash
project/chunks/chunk04/reports/C04-06/contract_report.md,84445ab9704544930a4c2d29b0af35b6dfcc498ae2ab2640cbfa42234af9b53a,5005,historical governance reviewed; no transfer of PASS status,complete byte hash
project/chunks/chunk04/reports/C04-07/contract_report.md,40bc8348611cef97556f0a3fed7ee4e84325beddacfae33482b8b84b6f6fea23,1085,historical governance reviewed; no transfer of PASS status,complete byte hash
project/chunks/chunk04/reports/C04-08/contract_report.md,ef31004bfa21bab416d5fbea9f213e75c660a05ca003b2b12cacbb06094d16ed,5443,historical governance reviewed; no transfer of PASS status,complete byte hash
project/chunks/chunk04/scripts/__pycache__/c04_01_schema_check.cpython-312.pyc,ff314c94cf5ed0f33bd608b0d492d4f32cb51bf268789fafc628ff27d48aa566,3520,historical governance reviewed; no transfer of PASS status,complete byte hash
project/chunks/chunk04/scripts/__pycache__/c04_02_reality_gate_check.cpython-312.pyc,d13ea4a568cfc9806f6318c2a244814efb935bd36100e26f64c7e9fdc71c2846,3520,historical governance reviewed; no transfer of PASS status,complete byte hash
project/chunks/chunk04/scripts/__pycache__/c04_03_label_protocol_check.cpython-312.pyc,7c8123935c6b8194c03feb10d5d677ea3c6f2bb6919183b9c719aa39165c40c9,3860,historical governance reviewed; no transfer of PASS status,complete byte hash
project/chunks/chunk04/scripts/__pycache__/c04_04_lineage_check.cpython-312.pyc,abd025a7e02f99e51a023239c0b78f30d6428d790ccf8d83cf2d49ca7600bccd,2543,historical governance reviewed; no transfer of PASS status,complete byte hash
project/chunks/chunk04/scripts/__pycache__/c04_05_fold_oof_check.cpython-312.pyc,a7efe27e4a43722a30525c3aa326ebffe7d9f54113254bd467719770b5308263,4007,historical governance reviewed; no transfer of PASS status,complete byte hash
project/chunks/chunk04/scripts/__pycache__/c04_06_model_manifest_check.cpython-312.pyc,f9e9cc916a51db298621ef101c0f41dccdd615f70ba5b215cae219f21f76070f,2075,historical governance reviewed; no transfer of PASS status,complete byte hash
project/chunks/chunk04/scripts/__pycache__/c04_07_ulb_decision_check.cpython-312.pyc,0857d0d983a5bddec8e6728ccb052f72066b0ef9d38f2684e812c3bf358d3314,2476,historical governance reviewed; no transfer of PASS status,complete byte hash
project/chunks/chunk04/scripts/__pycache__/c04_08_audit.cpython-312.pyc,3b88cf1d49a21bafd5af1c7f319580e1bc878c27099ddd55b916770069c88468,2305,historical governance reviewed; no transfer of PASS status,complete byte hash
project/chunks/chunk04/scripts/c04_01_schema_check.py,7780b084f80c59252a24faccd430d6ff8b574168b8782f167a0f51315b2278d6,2259,historical governance reviewed; no transfer of PASS status,complete byte hash
project/chunks/chunk04/scripts/c04_02_reality_gate_check.py,60cd94b47381c358f75322e4b99c31a5c6924f48618201e3e60aa9dbcdbf9750,2281,historical governance reviewed; no transfer of PASS status,complete byte hash
project/chunks/chunk04/scripts/c04_03_label_protocol_check.py,7384178ad6e5f34577bc07071f349c48198b49b7ad04797068f456f24cd80ba9,2050,historical governance reviewed; no transfer of PASS status,complete byte hash
project/chunks/chunk04/scripts/c04_04_lineage_check.py,663ae1d4ae39ad92f8c91c9d859e0222279e0f09922ccad92971490eeb5b706b,1364,historical governance reviewed; no transfer of PASS status,complete byte hash
project/chunks/chunk04/scripts/c04_05_fold_oof_check.py,59f7eb5cee6660134dd195e7ac45b2f70fccc6fc7cad7e4b4449a1efbd3419ce,2431,historical governance reviewed; no transfer of PASS status,complete byte hash
project/chunks/chunk04/scripts/c04_06_model_manifest_check.py,97eba24ba51c3d0deb8f6e82d72c1a32b57535bdb25c69b643cc1f95a2c486b6,1272,historical governance reviewed; no transfer of PASS status,complete byte hash
project/chunks/chunk04/scripts/c04_07_ulb_decision_check.py,1a9b7b1569ff845d09492dcaade6543afb05f64f09d9d2fcba5826d8647e886b,1287,historical governance reviewed; no transfer of PASS status,complete byte hash
project/chunks/chunk04/scripts/c04_08_audit.py,688a8965ae5377112083102b38270bb45cdcff82f3ba7413bdcee99590d0f04b,1329,historical governance reviewed; no transfer of PASS status,complete byte hash
project/chunks/chunk05/chunk05.md,9a131489088d504438e4e55a3262e533b8d151f25df54086ad28f8c0ac48b32b,9537,historical governance reviewed; no transfer of PASS status,complete byte hash
project/chunks/chunk05/chunk_report.md,ae796a60cdf84b4f170fa7c26ce336e68da8b2367a0cb3f319dc5ad534931a41,7688,historical governance reviewed; no transfer of PASS status,complete byte hash
project/chunks/chunk05/contracts/C05-01_contract.md,6ddee8bb8d7ec08eeb05eb089d49c75c618f21f11f6cb3b29a44fdbddcdfe912,2222,historical governance reviewed; no transfer of PASS status,complete byte hash
project/chunks/chunk05/contracts/C05-02_contract.md,9386f469c6dbf320e20f61619c2293f6afc28fdb3728f508d1a570690b4dafe6,1958,historical governance reviewed; no transfer of PASS status,complete byte hash
project/chunks/chunk05/contracts/C05-03_contract.md,5475c652f72f6ef1e85db0832319f3151b03d33eef2100492e44c674b6d174c4,1481,historical governance reviewed; no transfer of PASS status,complete byte hash
project/chunks/chunk05/contracts/C05-04_contract.md,c914a93c1fc3b19535700144502d361fb76512ecf0f29f3b4dda2b00a0d645e2,1314,historical governance reviewed; no transfer of PASS status,complete byte hash
project/chunks/chunk05/contracts/C05-05_contract.md,ee669243f7f64a35b1422fecac7f852a0c1caa8fdce27f2fa6afb39552d02d25,1294,historical governance reviewed; no transfer of PASS status,complete byte hash
project/chunks/chunk05/contracts/C05-06_contract.md,0cb7d613757cb3f09feba8921e97e17a36fd00f9819a6f7bc100d28074c9572c,1323,historical governance reviewed; no transfer of PASS status,complete byte hash
project/chunks/chunk05/contracts/C05-07_contract.md,7ccd4ea642c8cc55cd25e54ec39a8a9c93aa024bbec9d9df7f6e88c4e11f5af8,1246,historical governance reviewed; no transfer of PASS status,complete byte hash
project/chunks/chunk05/contracts/C05-08_contract.md,7dae3d43d093a843b68fa04932a02a7e8aaf4c12a0429a8d2d1af915dc3b95bf,1180,historical governance reviewed; no transfer of PASS status,complete byte hash
project/chunks/chunk05/contracts/C05-09_contract.md,871a13228e54575e7687c8cc7bbed3b2bedb2dc24a6ac5507cef75804aca0c74,1263,historical governance reviewed; no transfer of PASS status,complete byte hash
project/chunks/chunk05/contracts/C05-10_contract.md,6bcfc17179ddd154dd7c33e2ab41f64024e564bf669a03f0951a9b5f3e2dbc68,1273,historical governance reviewed; no transfer of PASS status,complete byte hash
project/chunks/chunk05/contracts/C05-11_contract.md,76d2423f68bf654506625ede89fdc9c9553289681d83b05cf682ee39891a6503,1295,historical governance reviewed; no transfer of PASS status,complete byte hash
project/chunks/chunk05/evidence/C05-01_admission_decision.md,3a52715d61b4c36c3a8a831e623c8c8df055d99481e501159c8e6d509ef78d6d,859,historical governance reviewed; no transfer of PASS status,complete byte hash
project/chunks/chunk05/evidence/C05-01_admission_manifest.json,7bcd58964b4410e68a986b6599e80ef221a2b2a14e9a81dc8cf3f566f41d7caf,345,historical governance reviewed; no transfer of PASS status,complete byte hash
project/chunks/chunk05/evidence/C05-01_admission_schema.json,e3bbb7be3038c35a32cef3bb833adf2e3daf686c682200711a08d3e4f009a322,1097,historical governance reviewed; no transfer of PASS status,complete byte hash
project/chunks/chunk05/evidence/C05-02_reality_gate_report.json,21e3920604522c4c5b75fda05f7cac92fb0afec34aec5158edbe49dc46f7a7ef,1278,historical governance reviewed; no transfer of PASS status,complete byte hash
project/chunks/chunk05/evidence/C05-03_lineage_fixtures.json,a144aceb4edb21ebceab52e2d47e79d8c18777581fe1371d18edf6b729aa0d87,1541,historical governance reviewed; no transfer of PASS status,complete byte hash
project/chunks/chunk05/evidence/C05-06_architecture_registry.json,38ab7a43518bacb1873fd0ee4a260002ae3b910a2a3d94f177a3d87fb4bdd47b,5276,historical governance reviewed; no transfer of PASS status,complete byte hash
project/chunks/chunk05/evidence/C05-06_architecture_registry_schema.json,136041bff5dcae485556c646d017d6a526de6950a5efbf788f20991ce90767c8,889,historical governance reviewed; no transfer of PASS status,complete byte hash
project/chunks/chunk05/evidence/C05-07_baseline_matrix.yaml,0c099055ba3dce2cad541ea486a38680edc8473785ffbf9824bb93f723ecdbed,1900,historical governance reviewed; no transfer of PASS status,complete byte hash
project/chunks/chunk05/evidence/C05-09_run_fixtures.json,b8c14346ee6f0afd33f0915409f97d9c96fbbeaea56937126fdb258ef62e34c3,7425,historical governance reviewed; no transfer of PASS status,complete byte hash
project/chunks/chunk05/evidence/C05-09_run_manifest_schema.json,0bdb5037720f85f1a9a0754a3814dc60764c01fec6108584e5c28f1662d747ad,3811,historical governance reviewed; no transfer of PASS status,complete byte hash
project/chunks/chunk05/evidence/C05-10_pilot_matrix.yaml,d72d4220d9ddc43f84932849baa8d1cdf53a7e4b9dc2dbaa4ac0b4f4d67ccf60,1581,historical governance reviewed; no transfer of PASS status,complete byte hash
project/chunks/chunk05/evidence/C05-11_audit_registry.json,4d9ab0e00c299992d08ca307be1b90adfea381e2ffb452ac79dd67ba5626e731,12722,historical governance reviewed; no transfer of PASS status,complete byte hash
project/chunks/chunk05/evidence/C05-11_audit_schema.json,fce00302589e543abf8105998af045de421121205a2b913927f30057a1d32111,1044,historical governance reviewed; no transfer of PASS status,complete byte hash
project/chunks/chunk05/execution_manifest.yaml,7447719217719f6a52af0d1fae6b5e6bf1ac2a6a73b1452dec86e9dae050173f,14144,historical governance reviewed; no transfer of PASS status,complete byte hash
project/chunks/chunk05/fix_package.md,c1dd989dffc7eee64c17f10493a01d2b05a400c0e49b28c1e5028daf2c52029c,5087,historical governance reviewed; no transfer of PASS status,complete byte hash
project/chunks/chunk05/reports/C05-01/contract_report.md,8189c96f8b415dc26d7fb0604e88e13621f69e152fefabb5257382845933e79d,3794,historical governance reviewed; no transfer of PASS status,complete byte hash
project/chunks/chunk05/reports/C05-02/contract_report.md,787339e8c19d0ed184fa9dc0d46fa054c16e68b366a71024593472a071cfaea1,3270,historical governance reviewed; no transfer of PASS status,complete byte hash
project/chunks/chunk05/reports/C05-03/contract_report.md,3dcec0139a0c51647cf358e32b442eeec33d13c1ac52e43afeb9feaabd00360f,3533,historical governance reviewed; no transfer of PASS status,complete byte hash
project/chunks/chunk05/reports/C05-04/contract_report.md,084daf6718a5b1f9dde0820d3c1554434efb19dd5f568b538460571ad245bd85,3303,historical governance reviewed; no transfer of PASS status,complete byte hash
project/chunks/chunk05/reports/C05-05/contract_report.md,fa441d0da54c0b438853c26fc7817112ba6651ff6c9bb8572888c0ae7a4e90e5,3148,historical governance reviewed; no transfer of PASS status,complete byte hash
project/chunks/chunk05/reports/C05-06/contract_report.md,df1e415a2cff8a673f44d585fef9b595051cda8e77d20d85d1f5e44b9bf4e3ff,806,historical governance reviewed; no transfer of PASS status,complete byte hash
project/chunks/chunk05/reports/C05-07/contract_report.md,4ec632580594263f1b21ab87dcc47bbc51d20783dd68520c62dc7e20d626d10a,705,historical governance reviewed; no transfer of PASS status,complete byte hash
project/chunks/chunk05/reports/C05-08/contract_report.md,6c4687de2d1cca681b2e0f6682bc33c2aeab76e44e329ccfd7388efa2c059783,5638,historical governance reviewed; no transfer of PASS status,complete byte hash
project/chunks/chunk05/reports/C05-09/contract_report.md,f8c1b2ec305cb26610996c97565c6751cefbed29abf86fcd48d5a180262a58f5,3303,historical governance reviewed; no transfer of PASS status,complete byte hash
project/chunks/chunk05/reports/C05-10/contract_report.md,08e2fcd00786a0dd966610030c2a2530d8bea4cdf111128095ffb851858ef233,4025,historical governance reviewed; no transfer of PASS status,complete byte hash
project/chunks/chunk05/reports/C05-11/contract_report.md,8cab5fc1e0de561c03ba799a638153168acb04de0ed22886797dcf2767bc02b8,3519,historical governance reviewed; no transfer of PASS status,complete byte hash
project/chunks/chunk05/scripts/c05_01_admission_check.py,5ef963bd1d1da6a4f2ccc35b8aa15a67f029bff1e3933cef20432833be55eafc,1105,historical governance reviewed; no transfer of PASS status,complete byte hash
project/chunks/chunk05/scripts/c05_02_reality_gate_check.py,14fff6cd1e8c3fb103a0afae037fe02fb2c4d207a5e0338f64d3103197663fea,774,historical governance reviewed; no transfer of PASS status,complete byte hash
project/chunks/chunk05/scripts/c05_03_lineage_check.py,720dd64d8f7fbb9c8ab8039d96803906c5f8de60f0db7e23ab4c1415e40687d8,1434,historical governance reviewed; no transfer of PASS status,complete byte hash
project/chunks/chunk05/scripts/c05_04_model_manifest_check.py,bb22ead8ef62300d53989feac7e1c59869f03d56f11d575015dfecb8361b0cb1,1324,historical governance reviewed; no transfer of PASS status,complete byte hash
project/chunks/chunk05/scripts/c05_05_audit.py,26ac93f94584f0e8dfafbb029aaa2014ef2de601f759e4a9cd6b2300880be263,3414,historical governance reviewed; no transfer of PASS status,complete byte hash
project/chunks/chunk05/scripts/c05_05_reconciliation_check.py,8457ce6bc70cb4cb22c670495c17835381ce428dea95ea84b23a3def26fe3351,3118,historical governance reviewed; no transfer of PASS status,complete byte hash
project/chunks/chunk05/scripts/c05_06_registry_check.py,b64bda9d4a94e5fe2d263dab87f6d61287cf38174f83fad84f5023dd0e361694,888,historical governance reviewed; no transfer of PASS status,complete byte hash
project/chunks/chunk05/scripts/c05_07_baseline_check.py,43971faece1da02c12e4c10a2044a8d9f57a2e82cf168f89db3fbd66384268b8,925,historical governance reviewed; no transfer of PASS status,complete byte hash
project/chunks/chunk05/scripts/c05_08_harness_check.py,5e69df06bed6df9869dfda7036d2bb5464cee13a6f90286b156391f9b8e28bfe,2935,historical governance reviewed; no transfer of PASS status,complete byte hash
project/chunks/chunk05/scripts/c05_09_schema_check.py,6f047b8cae77680f659375d1c91e506a2be8006d99ba82e53162a5a46a81e41e,4218,historical governance reviewed; no transfer of PASS status,complete byte hash
project/chunks/chunk05/scripts/c05_10_orchestrator_check.py,b8dc26f2e573fa2df3772db92f99a94a626cc6db16899468b94b3bfb1f2dd9ed,3494,historical governance reviewed; no transfer of PASS status,complete byte hash
project/chunks/chunk05/scripts/c05_11_audit.py,fa6056ef3d6a958975429b7bdadef811c1d43427b0bcce70bdb2796b6e3101cf,3382,historical governance reviewed; no transfer of PASS status,complete byte hash
project/evolution/decision_log.md,0b3c4237230162e243f0e068194eb134d97562e3b6ef2c34e6088248fe700b45,29169,historical governance reviewed; no transfer of PASS status,complete byte hash
project/evolution/telemetry.jsonl,319867ae94f3df9923d7247324dd6c0dcd2674ab3900f649ab50cbca7f750f65,17868,historical governance reviewed; no transfer of PASS status,complete byte hash
project/factory_info.json,bc68e5fdabbbe2f9530ccfc18b43c64862a31376c5bf0668e37d4b83b15511a9,288,historical governance reviewed; no transfer of PASS status,complete byte hash
project/factory_info.md,98cf6986534eb742204a6976202c4fd160896c019a026cbdd30ef9f6941cf9c3,271,historical governance reviewed; no transfer of PASS status,complete byte hash
project/invariants.md,9c9e6ad05ed4fd1d74150a5396394c641d6530d84af580f64b26c7c6936370d8,35904,historical governance reviewed; no transfer of PASS status,complete byte hash
project/key_facts.md,bdabf5cc2fecaf014a149fb0c8c946776357d98d7ea6a6077cf3816384c53296,9010,historical governance reviewed; no transfer of PASS status,complete byte hash
project/methodology_adversarial_review.md,153f55fa837ad1910b0d520add8ccb8a06843e6ead9bed79cb5d19e39f5442a3,61221,historical governance reviewed; no transfer of PASS status,complete byte hash
project/migration_archive/revised_software_v1/.gitignore,862263fa1f46c20f0d1e4dac5ffcc75abd55c08211b2c3864c5f8764b9d87793,19,historical governance reviewed; no transfer of PASS status,complete byte hash
project/migration_archive/revised_software_v1/bootstrap.sh,2dbe087a73350ab94c88f96dd33f3c85d243640ca9e18d5c34f4e9efa09474ff,4577,historical governance reviewed; no transfer of PASS status,complete byte hash
project/migration_archive/revised_software_v1/factory/CHANGELOG.md,1a7db42a60a5f456c4544bededa651dc805b047d5cf2c30cce9b1aec041f8da2,3795,historical governance reviewed; no transfer of PASS status,complete byte hash
project/migration_archive/revised_software_v1/factory/VERSION,d51e6ec94058554a84558a5b402ee6ef5fdf5455e35c902feda61cda8752943a,5,historical governance reviewed; no transfer of PASS status,complete byte hash
project/migration_archive/revised_software_v1/factory/bootstrap_manifest.yaml,d0a8ec0addbf9dccf96d49364fc15392bf52bb989e6b2ffb464c1881206a461b,1176,historical governance reviewed; no transfer of PASS status,complete byte hash
project/migration_archive/revised_software_v1/factory/constitution.md,74ecff2adeac603265b88c6f95aa19348e1bce8d3de7349e3df65aae0e0a4fc8,29648,historical governance reviewed; no transfer of PASS status,complete byte hash
project/migration_archive/revised_software_v1/factory/dynamic_rules.md,4ad0a6bbe865135beef0253ee46961505e49eac67b87d2641b6efec3d391e2f4,8279,historical governance reviewed; no transfer of PASS status,complete byte hash
project/migration_archive/revised_software_v1/factory/factory_spec.md,87d1bb95816a757073632364dfb30edddcf7c24d810be677b0923635619389f8,12035,historical governance reviewed; no transfer of PASS status,complete byte hash
project/migration_archive/revised_software_v1/factory/gatekeeper.py,2e74ee790f0bbc520a9ec82a6f6903d1065947136c93909aec87a08276c39671,5975,historical governance reviewed; no transfer of PASS status,complete byte hash
project/migration_archive/revised_software_v1/factory/gatekeeper_report.md,d3aeb66f2f74f5c95391aa927306c5ac69f89d5dcbcca48bf7098b8dd790fb30,812,historical governance reviewed; no transfer of PASS status,complete byte hash
project/migration_archive/revised_software_v1/factory/gatekeeper_spec.md,05291c9a794666818980b13a01a324107f9c1641472673232ddacca133934083,6784,historical governance reviewed; no transfer of PASS status,complete byte hash
project/migration_archive/revised_software_v1/project/architecture.md,9b3a824d30043c3d7d2e9320bfb174c9649a53b4440d1a288d40e991816b1db6,14231,historical governance reviewed; no transfer of PASS status,complete byte hash
project/migration_archive/revised_software_v1/project/chunks/chunk02/chunk02.md,5ea167fa671afdc173adf48ccc1bb48670f38ddb4943de429b4141cf14a151c9,6217,historical governance reviewed; no transfer of PASS status,complete byte hash
project/migration_archive/revised_software_v1/project/chunks/chunk02/chunk_report.md,542eb8cc827592705447ec2ccb54bd23e38944dd09c49c48d85a98b19ba3db23,5270,historical governance reviewed; no transfer of PASS status,complete byte hash
project/migration_archive/revised_software_v1/project/chunks/chunk02/contracts/C-02-1.md,ba37648542774b48ec24212a203375a5854355bce1766d1f75dd2075d62b47c9,3453,historical governance reviewed; no transfer of PASS status,complete byte hash
project/migration_archive/revised_software_v1/project/chunks/chunk02/contracts/C-02-2.md,af04573a9d3b3c4540ef0669a18a5252ea58bb7a5572f827bd25b26b7991070f,3036,historical governance reviewed; no transfer of PASS status,complete byte hash
project/migration_archive/revised_software_v1/project/chunks/chunk02/contracts/C-02-3.md,4142aad721d8343fef5865e090f3219852ce7d073d372d6cef7ad4ecdb952d75,3233,historical governance reviewed; no transfer of PASS status,complete byte hash
project/migration_archive/revised_software_v1/project/chunks/chunk02/contracts/C-02-4.md,d40d4ed4022832ea926cc8418d79da22fa5f31487781d1ed58a8a069ea1657b3,2854,historical governance reviewed; no transfer of PASS status,complete byte hash
project/migration_archive/revised_software_v1/project/chunks/chunk02/contracts/C-02-5.md,96be27e393ebefeaae66c7d261e8d971638945b83f3466476ec1ade7a194cd43,3578,historical governance reviewed; no transfer of PASS status,complete byte hash
project/migration_archive/revised_software_v1/project/chunks/chunk02/execution_manifest.yaml,6112c51a6c059c735e3599d31318256aad07138d1afec44efc5e0861eb8a5507,2945,historical governance reviewed; no transfer of PASS status,complete byte hash
project/migration_archive/revised_software_v1/project/chunks/chunk02/reports/C-02-1_report.md,f46d981f0ab3da3994765024f4292def3b13a910945b1270be3227184c44167c,2195,historical governance reviewed; no transfer of PASS status,complete byte hash
project/migration_archive/revised_software_v1/project/chunks/chunk02/reports/C-02-2_report.md,7ea18e9cda61286d2657b0f5f1d270be123145ab8ae999924f9b8d03e6e5788a,1759,historical governance reviewed; no transfer of PASS status,complete byte hash
project/migration_archive/revised_software_v1/project/chunks/chunk02/reports/C-02-3_report.md,c8680ad4ea8e819d07231774235ab6d0a7238f3429a1941e811fb92d52be16e0,1714,historical governance reviewed; no transfer of PASS status,complete byte hash
project/migration_archive/revised_software_v1/project/chunks/chunk02/reports/C-02-4_report.md,c0de5ffdb5febd4ab1262ab83450b48f31c4580526d45f4c9199d5328e3bfec9,1417,historical governance reviewed; no transfer of PASS status,complete byte hash
project/migration_archive/revised_software_v1/project/chunks/chunk02/reports/C-02-5_report.md,dc589b128cbc7b2cb09147f92f92a7a084837b70e8073e5905746eacc0b91865,1711,historical governance reviewed; no transfer of PASS status,complete byte hash
project/migration_archive/revised_software_v1/project/chunks/chunk02/scripts/run_core_util_tests.sh,89c4761d08a56b6966b6d1f7e87b4502811069b01d0232094fbb34907d0d9b67,241,historical governance reviewed; no transfer of PASS status,complete byte hash
project/migration_archive/revised_software_v1/project/chunks/chunk02/scripts/run_exact_count_termination_tests.sh,48406f5549b387fb44f6d1b4b886dec691aa5408cbc28437b54ea27432df078b,307,historical governance reviewed; no transfer of PASS status,complete byte hash
project/migration_archive/revised_software_v1/project/chunks/chunk02/scripts/run_operator_tests.sh,9a2ebd429217aca21b3d820b33baad746378d6511d99ae2431465d2b5875d1fc,237,historical governance reviewed; no transfer of PASS status,complete byte hash
project/migration_archive/revised_software_v1/project/chunks/chunk02/scripts/run_queue_concurrency_tests.sh,d651d0f24cebbd3ccc4a9b506860253b6ff454465d1ccb360ab2e76eb5e07580,440,historical governance reviewed; no transfer of PASS status,complete byte hash
project/migration_archive/revised_software_v1/project/chunks/chunk02/scripts/run_worker_scheduler_tests.sh,07e194927a50f44b05ce3f657fc086682ff24fb38108cc16a19e4cc7fceac3dd,279,historical governance reviewed; no transfer of PASS status,complete byte hash
project/migration_archive/revised_software_v1/project/chunks/chunk02/scripts/test_core_util.cpp,49c04bf52cdaa0393756fc12febb225e2a09a5dd63b3a3391509698b98845baf,1364,historical governance reviewed; no transfer of PASS status,complete byte hash
project/migration_archive/revised_software_v1/project/chunks/chunk02/scripts/test_exact_count_termination.cpp,4cbe52f023943314003428b70a708a938958a807f27560ea76a4bb213daacad8,2435,historical governance reviewed; no transfer of PASS status,complete byte hash
project/migration_archive/revised_software_v1/project/chunks/chunk02/scripts/test_operator.cpp,0297602099835faeb98625d6b3bd2795c2515214c987d3ac24ddbc46c8e43c80,2875,historical governance reviewed; no transfer of PASS status,complete byte hash
project/migration_archive/revised_software_v1/project/chunks/chunk02/scripts/test_queue_concurrency.cpp,1cb932e4fa013d1337aa7587977482a47dfa0e472e4a6924d4a1f8177d3c54ff,2854,historical governance reviewed; no transfer of PASS status,complete byte hash
project/migration_archive/revised_software_v1/project/chunks/chunk02/scripts/test_worker_scheduler.cpp,9782622fcfff02feaa5fd228859f80bbfa89c9442f4b1aa3d98de10236333ef4,1111,historical governance reviewed; no transfer of PASS status,complete byte hash
project/migration_archive/revised_software_v1/project/evolution/decision_log.md,722ee82cb9827b94f825b94b4901ebbf32f83ad9a1f2ed9835800d809916bcd6,2344,historical governance reviewed; no transfer of PASS status,complete byte hash
project/migration_archive/revised_software_v1/project/evolution/evolution.md,79e0a063623b984390607683c5f9a36953afc7455c27a85eb24289a507cf0125,597,historical governance reviewed; no transfer of PASS status,complete byte hash
project/migration_archive/revised_software_v1/project/evolution/experiments.yaml,ac805ce678edefaf77264ea31ba18a7b2020357d234d93b16c20686b7d8e18a0,96,historical governance reviewed; no transfer of PASS status,complete byte hash
project/migration_archive/revised_software_v1/project/evolution/metrics.csv,dc5a9e55632966d10994e1f8e2def03d69c45a52882c765165be3dd99e03f9d9,112,historical governance reviewed; no transfer of PASS status,complete byte hash
project/migration_archive/revised_software_v1/project/evolution/telemetry.jsonl,f6892c95e6996cde4ce7eae38402efcc34d0a6b3322198b149f786f9d424d2ca,240,historical governance reviewed; no transfer of PASS status,complete byte hash
project/migration_archive/revised_software_v1/project/factory_info.json,cbf0e1026324573853eaa73dfb0c1826d8257ecb6d63369ebfc023c737363894,290,historical governance reviewed; no transfer of PASS status,complete byte hash
project/migration_archive/revised_software_v1/project/factory_info.md,2b712a428ffa84e866d3c7b58c27e5feab4e266da0977a94c1e6514549c824c1,273,historical governance reviewed; no transfer of PASS status,complete byte hash
project/migration_archive/revised_software_v1/project/invariants.md,3741fffd33344b81dcc8b5af3d9de5634f3f34d2e2dc323d2a126ea033b06694,16162,historical governance reviewed; no transfer of PASS status,complete byte hash
project/migration_archive/revised_software_v1/project/project_description.md,04e2bdf85b21c820688ba00b7234093c0b539710f5d771af7801360773fbcdb0,11147,historical governance reviewed; no transfer of PASS status,complete byte hash
project/migration_archive/revised_software_v1/project/project_knowledge.md,1bc86030f571e75f926eabe8d8a8de53a6cb1bac2c3ba13fc09d4d046851cb0b,12725,historical governance reviewed; no transfer of PASS status,complete byte hash
project/migration_archive/revised_software_v1/project/roadmap.md,c699b6e2245ff3c12eeb9062802d8bf934343be64a73f715b76453eea372bf25,13914,historical governance reviewed; no transfer of PASS status,complete byte hash
project/migration_archive/revised_software_v1/source/CMakeLists.txt,cd2e1a76ee9c6b196c28332cd4a43536b7ee43d8fa8e27311fca3c0e5b040c56,1306,historical governance reviewed; no transfer of PASS status,complete byte hash
project/migration_archive/revised_software_v1/source/include/klstream/core/backpressure.hpp,77430489c40ef65a07cdc65ce3388527cdbda34e45b2d0e0c3a7d3b2d0deca4d,3389,historical governance reviewed; no transfer of PASS status,complete byte hash
project/migration_archive/revised_software_v1/source/include/klstream/core/config.hpp,5939ebaecc2b0bc77c9e2fa523b969f3fc4ef0082d797e03238ce0f60f9d8822,2947,historical governance reviewed; no transfer of PASS status,complete byte hash
project/migration_archive/revised_software_v1/source/include/klstream/core/event.hpp,36371532a27bbfc3def4167eea9b18de0b9441538ba32a87da48d0575d805f43,2940,historical governance reviewed; no transfer of PASS status,complete byte hash
project/migration_archive/revised_software_v1/source/include/klstream/core/metrics.hpp,6bef314f04b36df45d22d535570ee3d78466aa463c0f98cde22a365fabd840ce,6200,historical governance reviewed; no transfer of PASS status,complete byte hash
project/migration_archive/revised_software_v1/source/include/klstream/core/mpmc_queue.hpp,f0a18d3ac2de06702c4f8b570cc6505a75c3a7da835056a63e580cdf46e343ca,3964,historical governance reviewed; no transfer of PASS status,complete byte hash
project/migration_archive/revised_software_v1/source/include/klstream/core/operator.hpp,aa84f7a880667eb23747f4fc14227d9e55b2e3aa8e95d4eb63bd54240d500ad5,3057,historical governance reviewed; no transfer of PASS status,complete byte hash
project/migration_archive/revised_software_v1/source/include/klstream/core/pinning.hpp,98153e37cfc0e6e625cf550135a15dda89525e1b0d8002dd894369d49982b7e0,2670,historical governance reviewed; no transfer of PASS status,complete byte hash
project/migration_archive/revised_software_v1/source/include/klstream/core/runtime.hpp,bde28ada8d17d2bc65afecaece23294f6ad8f855d94b40aa61ebf999789fdbd7,3850,historical governance reviewed; no transfer of PASS status,complete byte hash
project/migration_archive/revised_software_v1/source/include/klstream/core/spsc_queue.hpp,42e96d20e92e80edcdf4ae18bac3e6fa7221a49158f7f68033f44ff4e180eb93,5983,historical governance reviewed; no transfer of PASS status,complete byte hash
project/migration_archive/revised_software_v1/source/include/klstream/core/worker.hpp,0b8aaab70a14f20da5d024315765c2cf14e7222a6b286084b518887b3973ad86,3362,historical governance reviewed; no transfer of PASS status,complete byte hash
project/project_description.md,e61fa08ae2ef7d738eaf071552f2c1c91d8a5068be957460923de8d6a4d90d44,40092,historical governance reviewed; no transfer of PASS status,complete byte hash
project/project_knowledge.md,5515eb3224270fa86663bfc8f5aaf6a4382496176c036ec826efd3a3203e8315,41402,historical governance reviewed; no transfer of PASS status,complete byte hash
project/roadmap.md,10200badbfa1d8ffd972bc4f5aa3781fbcbef6c105ea064231b22bfcc4a9804b,71982,historical governance reviewed; no transfer of PASS status,complete byte hash
project/venue_requirements.md,c6831a56dd6dedb46cb083f772c4c436d394727ca4eedb56dce2933d618cb522,35886,historical governance reviewed; no transfer of PASS status,complete byte hash
prompt.md,8fa4706d047258e293c5c60634be3b2f91fb4f9ac28fd5a19c12f000efb2c45c,27455,historical reference; not operationally migrated,complete byte hash
rehabilitation_plan.md,a232f41a4c2dc3178405eb5ff750088e27ee6683c61c87b38e6c3fd6c0855600,105910,historical reference; not operationally migrated,complete byte hash
results/.DS_Store,ecbe4da9d9b8b346c7fdc34c45d3600f6ca0e2135daca46f7dcd32d0e59dabb0,6148,legacy evidence quarantined; no research admission,complete byte hash
results/archive/ralf_budget_sweep/budget_0.3/batch_latency_ralf_seed0.csv,6d1f059e0928e15dae8f45ee8da495c4a8d6d0a05cf7520a488edc972c01105a,2454988,legacy evidence quarantined; no research admission,complete byte hash
results/archive/ralf_budget_sweep/budget_0.3/harness_summary.csv,d3874a65aa8f585a7adc9ee5d7d4483d94d75513f58bef0e9d153e17bfce7bac,100,legacy evidence quarantined; no research admission,complete byte hash
results/archive/ralf_budget_sweep/budget_0.3/harness_summary_ralf_seed0.csv,11a0f8f1a76c01c6e5ee1d039603b307b0478e0821223f53b2edf98857d04c1a,115,legacy evidence quarantined; no research admission,complete byte hash
results/archive/ralf_budget_sweep/budget_0.3/results_ralf_seed0.csv,2233f13cf7f7369c321179838b03f6211e1d8e605847b6c045064f1897e58d25,41197331,legacy evidence quarantined; no research admission,complete byte hash
results/archive/ralf_budget_sweep/budget_0.5/batch_latency_ralf_seed0.csv,b5168a1eddf287579ef632a5cb59bd7299a090310cd67364310a9bf6ef71ca84,2462096,legacy evidence quarantined; no research admission,complete byte hash
results/archive/ralf_budget_sweep/budget_0.5/harness_summary.csv,784c5a9d950dc6d2ff301a15ba483c65f72fa9b4ee30ce4e596235a305bfe43c,99,legacy evidence quarantined; no research admission,complete byte hash
results/archive/ralf_budget_sweep/budget_0.5/harness_summary_ralf_seed0.csv,11a0f8f1a76c01c6e5ee1d039603b307b0478e0821223f53b2edf98857d04c1a,115,legacy evidence quarantined; no research admission,complete byte hash
results/archive/ralf_budget_sweep/budget_0.5/results_ralf_seed0.csv,5d648929b02b756e149440284d65621699869bcb012a6bfc9fabafbf3d63c181,41239417,legacy evidence quarantined; no research admission,complete byte hash
results/archive/ralf_budget_sweep/budget_0.7/batch_latency_ralf_seed0.csv,00971f3fc33549427177c5ff40e33a0453733af1e09854c8cec04c0a6d0c9385,2458928,legacy evidence quarantined; no research admission,complete byte hash
results/archive/ralf_budget_sweep/budget_0.7/harness_summary.csv,bf9f02b1f20cb6ec6919954362c237da540b78a085079b014273a6d22bde4f75,100,legacy evidence quarantined; no research admission,complete byte hash
results/archive/ralf_budget_sweep/budget_0.7/harness_summary_ralf_seed0.csv,11a0f8f1a76c01c6e5ee1d039603b307b0478e0821223f53b2edf98857d04c1a,115,legacy evidence quarantined; no research admission,complete byte hash
results/archive/ralf_budget_sweep/budget_0.7/results_ralf_seed0.csv,046df29b727351775baacf6d8fe8bed9ef818ca71dbe8ac9f63869f54c5c4f6b,41378681,legacy evidence quarantined; no research admission,complete byte hash
results/archive/raw_causal_demo/batch_latency_adaptive_seed0.csv,7c26c6d1eada511b8d517c58e184c58cbe76789e2ecc4eb94884e8a6c3ee5e78,58696,legacy evidence quarantined; no research admission,complete byte hash
results/archive/raw_causal_demo/batch_latency_fixed_seed0.csv,c30985fec74166f3333d09203717d1e1488da01406a5ac67610f7d2d2ec5be7c,8286,legacy evidence quarantined; no research admission,complete byte hash
results/archive/raw_causal_demo/batch_latency_ralf_seed0.csv,7b377710a07f61fc17ea58f1c3bb390bb87fee576897a7c97ba0348612cc19d0,455920,legacy evidence quarantined; no research admission,complete byte hash
results/archive/raw_causal_demo/batch_latency_throttle_seed0.csv,aa54727919d1e204afd0cfc33070659f6012b06c999b54a6619e69e5f872faaf,8286,legacy evidence quarantined; no research admission,complete byte hash
results/archive/raw_causal_demo/harness_summary.csv,e8530c5616dd5a6cb7c82b3caf9fc6c1b7a8df28ca750626e9a22e8fab3a8631,98,legacy evidence quarantined; no research admission,complete byte hash
results/archive/raw_causal_demo/harness_summary_adaptive_seed0.csv,2709f4845239f55b894946021e1671fd96225e7b31bc3f5058568825e461ff0e,121,legacy evidence quarantined; no research admission,complete byte hash
results/archive/raw_causal_demo/harness_summary_fixed_seed0.csv,b5e4893fe1f8ad012c7723fd0042c28ab1806c5ee0696037ec1817f95c08eb81,116,legacy evidence quarantined; no research admission,complete byte hash
results/archive/raw_causal_demo/harness_summary_ralf_seed0.csv,11a0f8f1a76c01c6e5ee1d039603b307b0478e0821223f53b2edf98857d04c1a,115,legacy evidence quarantined; no research admission,complete byte hash
results/archive/raw_causal_demo/harness_summary_throttle_seed0.csv,bff3057178d596a0d4fd179d308aff7613ddc6ca338e12e866e47b5e3607d14d,119,legacy evidence quarantined; no research admission,complete byte hash
results/archive/raw_causal_demo/results_adaptive_seed0.csv,f80db3a239a9aa4b641c90e5c393691c660eeb28ce53cb0be81a538837f84afa,3630243,legacy evidence quarantined; no research admission,complete byte hash
results/archive/raw_causal_demo/results_fixed_seed0.csv,59e0fdb33f32e57692d9d1e7da1f18ed27b85690f1d6a79af23ba49005e09d1b,3151037,legacy evidence quarantined; no research admission,complete byte hash
results/archive/raw_causal_demo/results_ralf_seed0.csv,057cd6081a2129acf6e6c322ffd4cdbc5211f65761894cfb5ff1e687bac0c1ed,1408663,legacy evidence quarantined; no research admission,complete byte hash
results/archive/raw_causal_demo/results_throttle_seed0.csv,21805ad0bf55ce3c1e6692d60cb8bd9745069af3e2920f0cf6cc793b64f13069,3149973,legacy evidence quarantined; no research admission,complete byte hash
results/archive/raw_causal_demo/trace_adaptive_seed0.csv,27dcc96202482f300d4b92bc2ee6b9af9f72bb90c72267aeab2b10690ec8b2b1,26,legacy evidence quarantined; no research admission,complete byte hash
results/archive/raw_timing/batch_latency_adaptive_seed0.csv,fed35376a9f40ec0978d025ae42577fe21bfa9d1ec7ac75663eafa8d5161cac9,2303577,legacy evidence quarantined; no research admission,complete byte hash
results/archive/raw_timing/batch_latency_adaptive_seed1.csv,b59da1debb6c14f80b00848dd9a6a4fe5ee963f6f42baf2b87e9c6b977e65a37,2295287,legacy evidence quarantined; no research admission,complete byte hash
results/archive/raw_timing/batch_latency_adaptive_seed2.csv,d90b9e231f0209cb9dd4633b5baf236dc08f589b75503e2e560f5aeee48d647f,2301120,legacy evidence quarantined; no research admission,complete byte hash
results/archive/raw_timing/batch_latency_fixed_seed0.csv,69e7d70c5ed63c6e277f1d1d5270fd1340bf2aec1a414c9e4bd3cc650af6e496,191252,legacy evidence quarantined; no research admission,complete byte hash
results/archive/raw_timing/batch_latency_fixed_seed1.csv,c43e14b359d9ff61a3ff05735eacfa8cf556c4ff089e0f7d6f113c6e8a11b35c,191060,legacy evidence quarantined; no research admission,complete byte hash
results/archive/raw_timing/batch_latency_fixed_seed2.csv,514991a9a62aa534c415dc9a5ed2f56d1cdf0a523c19663f2e287ed5ad43ecd4,191057,legacy evidence quarantined; no research admission,complete byte hash
results/archive/raw_timing/harness_summary.csv,0087bbade9dd5bb4e0d06566dea128dba3b20a75dbccf85991909ec56b0c2914,164,legacy evidence quarantined; no research admission,complete byte hash
results/archive/raw_timing/harness_summary_adaptive_seed0.csv,1cf6f1568970d3f16e047e2c46ad79bfe6357b5693c0380f7be86f2c18d74604,119,legacy evidence quarantined; no research admission,complete byte hash
results/archive/raw_timing/harness_summary_adaptive_seed1.csv,8cb4c00e1c769d74e6bb5afbcaf7ddbf2cf2289029fc445c6edf24e3a35909e1,119,legacy evidence quarantined; no research admission,complete byte hash
results/archive/raw_timing/harness_summary_adaptive_seed2.csv,6f66dd4c0ece69e12ce5fde44bdf253029834c16ba20dc0664d32be45bc06f02,122,legacy evidence quarantined; no research admission,complete byte hash
results/archive/raw_timing/harness_summary_fixed_seed0.csv,b5e4893fe1f8ad012c7723fd0042c28ab1806c5ee0696037ec1817f95c08eb81,116,legacy evidence quarantined; no research admission,complete byte hash
results/archive/raw_timing/harness_summary_fixed_seed1.csv,c623b4ce6ff2d3ffb50b61b82935567f37087a0cdf2868b05bd2d45599f5cf0d,116,legacy evidence quarantined; no research admission,complete byte hash
results/archive/raw_timing/harness_summary_fixed_seed2.csv,644fb1296cd229a6625a3725af191503fb89756b113d763bd267295e71b0d2cf,116,legacy evidence quarantined; no research admission,complete byte hash
results/archive/raw_timing/results_adaptive_seed0.csv,c4a4b5df5e608ab69fe539571a1a021e445bbbedf180a9db849c01916231fb4c,94740720,legacy evidence quarantined; no research admission,complete byte hash
results/archive/raw_timing/results_adaptive_seed1.csv,424fc687de57757b49d620aeb78cda45e7cd8e297549d528cdd9c34b81f49c40,94743319,legacy evidence quarantined; no research admission,complete byte hash
results/archive/raw_timing/results_adaptive_seed2.csv,6da96dce0fc58102d1d8ea1d6691d56bea6d9b26cb18ee72a023826820134aff,94702678,legacy evidence quarantined; no research admission,complete byte hash
results/archive/raw_timing/results_fixed_seed0.csv,035146d7ef17604d784cf96f9a6b18bff4c361660129a6ed0b4ba8c8a01422e0,81350331,legacy evidence quarantined; no research admission,complete byte hash
results/archive/raw_timing/results_fixed_seed1.csv,58960d855fc8c20cc26d8541c71d628326cc1fd67acda1ffdb241af5dd9c5c4c,81359247,legacy evidence quarantined; no research admission,complete byte hash
results/archive/raw_timing/results_fixed_seed2.csv,b35eb84ccca09e87900f156bacbb04575766722d2d32c88e8a59c71a21eba791,81363042,legacy evidence quarantined; no research admission,complete byte hash
results/archive/raw_timing/trace_adaptive_seed0.csv,27dcc96202482f300d4b92bc2ee6b9af9f72bb90c72267aeab2b10690ec8b2b1,26,legacy evidence quarantined; no research admission,complete byte hash
results/archive/raw_ulb_fixed/batch_latency_adaptive_seed0.csv,6ec5b43103c507169d64423599828f568dd9df09deccf551437f1684a38b4d03,604044,legacy evidence quarantined; no research admission,complete byte hash
results/archive/raw_ulb_fixed/batch_latency_adaptive_seed1.csv,e6aa531a02ceb289e6a33fe6738552c5cea068acfef225aa6711dd43bc185059,723085,legacy evidence quarantined; no research admission,complete byte hash
results/archive/raw_ulb_fixed/batch_latency_adaptive_seed2.csv,5db80747abd03dc03b7875454d48bce9a34bd8a1b62f5d568da536b9fa1ca78b,726045,legacy evidence quarantined; no research admission,complete byte hash
results/archive/raw_ulb_fixed/batch_latency_aonly_seed0.csv,4758847af96af37f4018651b7f2bc58398180d0bb113e53dbac7f406102bee33,678183,legacy evidence quarantined; no research admission,complete byte hash
results/archive/raw_ulb_fixed/batch_latency_aonly_seed1.csv,c3450d5a1ccbc752d6bff80587cebf1014e8483b995ca8bd765b5fa541066d3f,638691,legacy evidence quarantined; no research admission,complete byte hash
results/archive/raw_ulb_fixed/batch_latency_aonly_seed2.csv,d3411f11d505b9f4795d1343fd0acafab0702baed3a38cf17a14272ffd8a80f5,680340,legacy evidence quarantined; no research admission,complete byte hash
results/archive/raw_ulb_fixed/batch_latency_bonly_seed0.csv,8895933ebb07c087ea8668f4cea9713a8753a57d10014cb72505550ae1eae5b0,55562,legacy evidence quarantined; no research admission,complete byte hash
results/archive/raw_ulb_fixed/batch_latency_bonly_seed1.csv,2fa9a806f521ac724040f31c200fec0c9152f9bce7cd873a96c89213c2ad914c,55921,legacy evidence quarantined; no research admission,complete byte hash
results/archive/raw_ulb_fixed/batch_latency_bonly_seed2.csv,100698fe890a3d092c4ea2265e91d6d2e08b36ce99ee799443f10db6cf51d3b2,56037,legacy evidence quarantined; no research admission,complete byte hash
results/archive/raw_ulb_fixed/batch_latency_drift_seed0.csv,91e2ae80bd2115374067af47b6003f1ff18c4acf0563397212bdff80046ac741,38629,legacy evidence quarantined; no research admission,complete byte hash
results/archive/raw_ulb_fixed/batch_latency_drift_seed1.csv,c13bb3a77e745291aa5817f70024761903001723c47e148dc80e1db4302d3b1c,38755,legacy evidence quarantined; no research admission,complete byte hash
results/archive/raw_ulb_fixed/batch_latency_drift_seed2.csv,f4a4bf3da85f297edc20ad2e81de61805ae5e8330c63e6870fc6e519123ee915,38714,legacy evidence quarantined; no research admission,complete byte hash
results/archive/raw_ulb_fixed/batch_latency_fixed_seed0.csv,143163d15e628f2d7964dbba45658514f3bedcaea3c4c585fe531dbdd1d5219d,55526,legacy evidence quarantined; no research admission,complete byte hash
results/archive/raw_ulb_fixed/batch_latency_fixed_seed1.csv,2898699aabc97a40082af26be02999b582379ab80f82815bb4e5f7587e6edad8,55877,legacy evidence quarantined; no research admission,complete byte hash
results/archive/raw_ulb_fixed/batch_latency_fixed_seed2.csv,8cd2e8701dccb788552a1c9138011af869bd02991aa27ec8e5203309f4c1a9c0,55884,legacy evidence quarantined; no research admission,complete byte hash
results/archive/raw_ulb_fixed/batch_latency_ralf_seed0.csv,518ee9834b246799e5cc1bded212acbfee7271adfcd107e6850faf5eb3a96f18,2281002,legacy evidence quarantined; no research admission,complete byte hash
results/archive/raw_ulb_fixed/batch_latency_ralf_seed1.csv,7d98a26d6225339568b6c9aad377144085a773777e40b20fc05e97fe0c51a4f8,2275892,legacy evidence quarantined; no research admission,complete byte hash
results/archive/raw_ulb_fixed/batch_latency_ralf_seed2.csv,f2ae15e650501387ca0dac708d22ae3e714e8677d4dd410ed23671ba178c43e5,2279058,legacy evidence quarantined; no research admission,complete byte hash
results/archive/raw_ulb_fixed/batch_latency_throttle_seed0.csv,7ac56fe4bb170d555bba12fbff77602ec99d6bf2960c9d18b6846fa95741436c,55581,legacy evidence quarantined; no research admission,complete byte hash
results/archive/raw_ulb_fixed/batch_latency_throttle_seed1.csv,d2ac4d01a2de006dc809918c2936ae2b9e72bf326ad37943a0f9c8151f5be78c,55917,legacy evidence quarantined; no research admission,complete byte hash
results/archive/raw_ulb_fixed/batch_latency_throttle_seed2.csv,ab54997c9188b60087764776f3ed115284c7766ef66292e206bffde6dd2138ff,56039,legacy evidence quarantined; no research admission,complete byte hash
results/archive/raw_ulb_fixed/harness_summary.csv,ffe06108b3142c15f221fb5d71d4dd2926fb4b5dd5a7b1ab016a5c687e4e5955,773,legacy evidence quarantined; no research admission,complete byte hash
results/archive/raw_ulb_fixed/harness_summary_adaptive_seed0.csv,3d0ec442daea3ab1543e7578701cf607ddebbd01d54230282cbf3d885514b8f3,120,legacy evidence quarantined; no research admission,complete byte hash
results/archive/raw_ulb_fixed/harness_summary_adaptive_seed1.csv,7363def40f78647078673d5c626908ec6923806babe7c1176f960724a1d6d28b,119,legacy evidence quarantined; no research admission,complete byte hash
results/archive/raw_ulb_fixed/harness_summary_adaptive_seed2.csv,a2a1de6fcec4c9a12dc75eab861a597b19ca8d4dd692eee6568e0542b9f6a008,119,legacy evidence quarantined; no research admission,complete byte hash
results/archive/raw_ulb_fixed/harness_summary_aonly_seed0.csv,186732a592b519743725b8fabc814b3fc4da5d338aa99b67cb329e7378724ab2,112,legacy evidence quarantined; no research admission,complete byte hash
results/archive/raw_ulb_fixed/harness_summary_aonly_seed1.csv,5ea601a94568c1115ce2340ab3109e85b8ba0b5116c1a45da6e2982db76cb59e,115,legacy evidence quarantined; no research admission,complete byte hash
results/archive/raw_ulb_fixed/harness_summary_aonly_seed2.csv,ea7e2bc1c21c0effe960d9a0f2e2d1f7e24f6946a97e84226d66947d680e53bf,114,legacy evidence quarantined; no research admission,complete byte hash
results/archive/raw_ulb_fixed/harness_summary_bonly_seed0.csv,3946eec9a198ef9a6627c61112cf28ca1cd3f360d650ac6c95f1069bcc1aceb0,120,legacy evidence quarantined; no research admission,complete byte hash
results/archive/raw_ulb_fixed/harness_summary_bonly_seed1.csv,db5f459aacad4b28fd596113c96f7d0c8e12eb216b56d824f14236d566e30168,120,legacy evidence quarantined; no research admission,complete byte hash
results/archive/raw_ulb_fixed/harness_summary_bonly_seed2.csv,7158a4d79f51879784ff61169b0f2c0c53c2930cfe025dd43bb6d894a371312e,120,legacy evidence quarantined; no research admission,complete byte hash
results/archive/raw_ulb_fixed/harness_summary_drift_seed0.csv,8dde8a37fcbb35416e4f0aa487645312bcfb08e21bcc65f4645ce5e359676cca,116,legacy evidence quarantined; no research admission,complete byte hash
results/archive/raw_ulb_fixed/harness_summary_drift_seed1.csv,b6af7e6838ee0ac05d2fc94658dce23525cd9d799f9e3b5d9bdbab97b7cc27c0,116,legacy evidence quarantined; no research admission,complete byte hash
results/archive/raw_ulb_fixed/harness_summary_drift_seed2.csv,f5992239baadcc69be456ea34120dff8c26833448a26e0d70f8016dcb94c6836,116,legacy evidence quarantined; no research admission,complete byte hash
results/archive/raw_ulb_fixed/harness_summary_fixed_seed0.csv,b5e4893fe1f8ad012c7723fd0042c28ab1806c5ee0696037ec1817f95c08eb81,116,legacy evidence quarantined; no research admission,complete byte hash
results/archive/raw_ulb_fixed/harness_summary_fixed_seed1.csv,c623b4ce6ff2d3ffb50b61b82935567f37087a0cdf2868b05bd2d45599f5cf0d,116,legacy evidence quarantined; no research admission,complete byte hash
results/archive/raw_ulb_fixed/harness_summary_fixed_seed2.csv,644fb1296cd229a6625a3725af191503fb89756b113d763bd267295e71b0d2cf,116,legacy evidence quarantined; no research admission,complete byte hash
results/archive/raw_ulb_fixed/harness_summary_ralf_seed0.csv,11a0f8f1a76c01c6e5ee1d039603b307b0478e0821223f53b2edf98857d04c1a,115,legacy evidence quarantined; no research admission,complete byte hash
results/archive/raw_ulb_fixed/harness_summary_ralf_seed1.csv,289de6752eabce155c4b9e902c19dd8b731a348de6ab786461d6c18e090333eb,115,legacy evidence quarantined; no research admission,complete byte hash
results/archive/raw_ulb_fixed/harness_summary_ralf_seed2.csv,ced5dee958d04b6537352f1304f111613d061afe722b6783873e0ecd09700987,115,legacy evidence quarantined; no research admission,complete byte hash
results/archive/raw_ulb_fixed/harness_summary_throttle_seed0.csv,bff3057178d596a0d4fd179d308aff7613ddc6ca338e12e866e47b5e3607d14d,119,legacy evidence quarantined; no research admission,complete byte hash
results/archive/raw_ulb_fixed/harness_summary_throttle_seed1.csv,e657b92ee412bdbdee95735bb3e1d20445c9cf4d2bec1530c70357d1eb5fc1d1,119,legacy evidence quarantined; no research admission,complete byte hash
results/archive/raw_ulb_fixed/harness_summary_throttle_seed2.csv,4412470a579f35394e2b8619f70b5d46d1ea428887bc7b7554df3a3ee733f5dc,119,legacy evidence quarantined; no research admission,complete byte hash
results/archive/raw_ulb_fixed/results_adaptive_seed0.csv,6a3e66d487f24b5d0a0ddc647622c8973afcb3467bd794374ef7b857f942191f,23321395,legacy evidence quarantined; no research admission,complete byte hash
results/archive/raw_ulb_fixed/results_adaptive_seed1.csv,7d4b65c4bb18c69afff062c39352004608c3b02978323f1626317a5106ff6faa,23242248,legacy evidence quarantined; no research admission,complete byte hash
results/archive/raw_ulb_fixed/results_adaptive_seed2.csv,b43107389425bf26eda1c73d2cbd56fe33bdb6de45fabdccbb0d89dfe8576d6a,23242691,legacy evidence quarantined; no research admission,complete byte hash
results/archive/raw_ulb_fixed/results_aonly_seed0.csv,0cab7bb51f40fff4814f25e82267b5ee65b3d330290a4878715567f8427f64bb,21601336,legacy evidence quarantined; no research admission,complete byte hash
results/archive/raw_ulb_fixed/results_aonly_seed1.csv,ccaf13e9cf6922cc9f1f72368c8dac53fb883f0ea500414a71d29fcc08c6b565,21671031,legacy evidence quarantined; no research admission,complete byte hash
results/archive/raw_ulb_fixed/results_aonly_seed2.csv,66a02b03cd0eae961e580718daec94cc24bd821ae6b9bd455bcc1962a63c7b00,21654844,legacy evidence quarantined; no research admission,complete byte hash
results/archive/raw_ulb_fixed/results_bonly_seed0.csv,10a16423dbb532abe2b5d64ccb4e5da1186703f78e3e1c18f0ec0ed9bf959068,20711158,legacy evidence quarantined; no research admission,complete byte hash
results/archive/raw_ulb_fixed/results_bonly_seed1.csv,76f9691631aa90592bcdf5306421e49faba0e249e518fdbc4e94fb205b9792c3,20719980,legacy evidence quarantined; no research admission,complete byte hash
results/archive/raw_ulb_fixed/results_bonly_seed2.csv,f0a386b098317f30812183593fe55d1cd018591168c427a3ca473634fc2fcf00,20751340,legacy evidence quarantined; no research admission,complete byte hash
results/archive/raw_ulb_fixed/results_drift_seed0.csv,fe2a804d7a7ea3e8ce7ff3fd57c0dbdbe4d6b4984975dbe963b78b152dabe79f,19260565,legacy evidence quarantined; no research admission,complete byte hash
results/archive/raw_ulb_fixed/results_drift_seed1.csv,11dfca4b845a838fb00fe521caefb9c0b960a8882db7d1e4ed380e3f292dd3c3,19298565,legacy evidence quarantined; no research admission,complete byte hash
results/archive/raw_ulb_fixed/results_drift_seed2.csv,f3576428e33efe598f3ebd8e467f8676e3e61d906972d8b120a3ff5e5c9d6e7d,19290266,legacy evidence quarantined; no research admission,complete byte hash
results/archive/raw_ulb_fixed/results_fixed_seed0.csv,b063810481e157ebe2d85685580a466f29f79740661091c9de8ec2c29a3e76cb,19275355,legacy evidence quarantined; no research admission,complete byte hash
results/archive/raw_ulb_fixed/results_fixed_seed1.csv,cc137ca52c45c0d42a7378822f9b6948a5c5ac428cea5a4a6b471ca6043c1602,19314625,legacy evidence quarantined; no research admission,complete byte hash
results/archive/raw_ulb_fixed/results_fixed_seed2.csv,3516d8d4b1bbefb44c6f723b5287a333cb05be46c37aa9c5838174c49ea7a548,19284679,legacy evidence quarantined; no research admission,complete byte hash
results/archive/raw_ulb_fixed/results_ralf_seed0.csv,dd256f14eef0fdd113d2a93650ef5ee1279bf33657a69268cdfcac45749c0215,9343168,legacy evidence quarantined; no research admission,complete byte hash
results/archive/raw_ulb_fixed/results_ralf_seed1.csv,f017bf4d33b2e65f6a004c315c44a063ca00ffa9356c3f8ff62fbc02aae477cd,9346886,legacy evidence quarantined; no research admission,complete byte hash
results/archive/raw_ulb_fixed/results_ralf_seed2.csv,ae90acf460164444606e2c391813ede2a097a6154f399c219112e5b2606e05e7,9346888,legacy evidence quarantined; no research admission,complete byte hash
results/archive/raw_ulb_fixed/results_throttle_seed0.csv,29a53e13a491a526bbacc4f117cf54e9d9b6453d21b6c0560b7f247030e89933,19295885,legacy evidence quarantined; no research admission,complete byte hash
results/archive/raw_ulb_fixed/results_throttle_seed1.csv,f937796cd0f96a0ad1eceb1a769df69d070ff2274a34460ff0b12c7b775ad2fc,19285582,legacy evidence quarantined; no research admission,complete byte hash
results/archive/raw_ulb_fixed/results_throttle_seed2.csv,f28ce88716fdda9a407f414722e6f135d4aaeb57888ac9be0b800142608abb3a,19347249,legacy evidence quarantined; no research admission,complete byte hash
results/archive/raw_ulb_fixed/trace_adaptive_seed0.csv,27dcc96202482f300d4b92bc2ee6b9af9f72bb90c72267aeab2b10690ec8b2b1,26,legacy evidence quarantined; no research admission,complete byte hash
results/archive/raw_ulb_fixed2/batch_latency_adaptive_seed0.csv,0af65bd7272e53833bb489905d69b42faa0a330a0efc21898f4537a263ee4b4c,723809,legacy evidence quarantined; no research admission,complete byte hash
results/archive/raw_ulb_fixed2/harness_summary.csv,b42759937f7777fe1a7edbf60a5581e8cee2916e3f5abb22466c70273593f0e8,103,legacy evidence quarantined; no research admission,complete byte hash
results/archive/raw_ulb_fixed2/harness_summary_adaptive_seed0.csv,833cead68eb4423f8e24836608bcb2c6b1be2b3c453cee9040ec13a25d7bd07a,119,legacy evidence quarantined; no research admission,complete byte hash
results/archive/raw_ulb_fixed2/results_adaptive_seed0.csv,9f86c77e790eb34e29e1720218b2624bc341ee0785b63d16bb4a754918b81f57,26184161,legacy evidence quarantined; no research admission,complete byte hash
results/archive/raw_ulb_fixed2/trace_adaptive_seed0.csv,27dcc96202482f300d4b92bc2ee6b9af9f72bb90c72267aeab2b10690ec8b2b1,26,legacy evidence quarantined; no research admission,complete byte hash
results/archive/static_w_sweep/w_128/batch_latency_fixed_seed0.csv,beb8be189719b635e3dc4c37d831248826dec43e622022b7f3337598c9d4c46f,8849,legacy evidence quarantined; no research admission,complete byte hash
results/archive/static_w_sweep/w_128/harness_summary.csv,d796e6d41e1546fb36e58e30c39dd83b3aca4c31a26998b23e102060ddaf4380,100,legacy evidence quarantined; no research admission,complete byte hash
results/archive/static_w_sweep/w_128/harness_summary_fixed_seed0.csv,b5e4893fe1f8ad012c7723fd0042c28ab1806c5ee0696037ec1817f95c08eb81,116,legacy evidence quarantined; no research admission,complete byte hash
results/archive/static_w_sweep/w_128/results_fixed_seed0.csv,ef5a281c7a0e125c9627d29f6fd17c672a3989a1a4eaf6e6e53ecefe35ee4520,3293667,legacy evidence quarantined; no research admission,complete byte hash
results/archive/static_w_sweep/w_16/batch_latency_fixed_seed0.csv,85716d005545e6907d1e27a9c4c028192b8c13d711264de346329ed7134e5b92,8848,legacy evidence quarantined; no research admission,complete byte hash
results/archive/static_w_sweep/w_16/harness_summary.csv,cde22891db03eff1ff5c50cf6add06da723156c6acfb79bd3fe408cfaade7f02,100,legacy evidence quarantined; no research admission,complete byte hash
results/archive/static_w_sweep/w_16/harness_summary_fixed_seed0.csv,b5e4893fe1f8ad012c7723fd0042c28ab1806c5ee0696037ec1817f95c08eb81,116,legacy evidence quarantined; no research admission,complete byte hash
results/archive/static_w_sweep/w_16/results_fixed_seed0.csv,96d9d2d1b292247bc76f5f598108a9b1f738eb39582f3e2a8e82c50fd60cf907,3293813,legacy evidence quarantined; no research admission,complete byte hash
results/archive/static_w_sweep/w_256/batch_latency_fixed_seed0.csv,909f701f3a12aa4a121ec5ad0153cd2321afffc9ab092350451f392382c28300,8848,legacy evidence quarantined; no research admission,complete byte hash
results/archive/static_w_sweep/w_256/harness_summary.csv,576f48782811bedf4fd5bdc32cd3908fb11fbc433054cd74ec8aae4903856671,100,legacy evidence quarantined; no research admission,complete byte hash
results/archive/static_w_sweep/w_256/harness_summary_fixed_seed0.csv,b5e4893fe1f8ad012c7723fd0042c28ab1806c5ee0696037ec1817f95c08eb81,116,legacy evidence quarantined; no research admission,complete byte hash
results/archive/static_w_sweep/w_256/results_fixed_seed0.csv,a89b8c20f8d3326456dcabf9301a4c6ecd1d3f93eecb5c5963007a058436baf6,3293757,legacy evidence quarantined; no research admission,complete byte hash
results/archive/static_w_sweep/w_32/batch_latency_fixed_seed0.csv,e79d4eb37e4719dc782a7a051f2b463f2470b119baa80339b4aeb19d86d62dc0,8848,legacy evidence quarantined; no research admission,complete byte hash
results/archive/static_w_sweep/w_32/harness_summary.csv,3c1a02ec973874dae89d5d1f7a8384d8eb38d821a53025a4a601090e251d3c02,100,legacy evidence quarantined; no research admission,complete byte hash
results/archive/static_w_sweep/w_32/harness_summary_fixed_seed0.csv,b5e4893fe1f8ad012c7723fd0042c28ab1806c5ee0696037ec1817f95c08eb81,116,legacy evidence quarantined; no research admission,complete byte hash
results/archive/static_w_sweep/w_32/results_fixed_seed0.csv,c29765adacd0664e87056b38d96f15bb77026dd5653e03d6fa9decaa7f94a94f,3293781,legacy evidence quarantined; no research admission,complete byte hash
results/archive/static_w_sweep/w_64/batch_latency_fixed_seed0.csv,ae0919c3421e7fb7590b7c98b944cbe4622a668f3ad9a2398620ddf793eb1516,8849,legacy evidence quarantined; no research admission,complete byte hash
results/archive/static_w_sweep/w_64/harness_summary.csv,06611a0f167e69bcd60984c7501f76148cf22c9adbabeee59b54b5874f1a1a9c,100,legacy evidence quarantined; no research admission,complete byte hash
results/archive/static_w_sweep/w_64/harness_summary_fixed_seed0.csv,b5e4893fe1f8ad012c7723fd0042c28ab1806c5ee0696037ec1817f95c08eb81,116,legacy evidence quarantined; no research admission,complete byte hash
results/archive/static_w_sweep/w_64/results_fixed_seed0.csv,e86ad06d135996d00f3f679e6cc0a43b8f826b3b13afd3fe387f2d6efce7cc1b,3294575,legacy evidence quarantined; no research admission,complete byte hash
results/archive/static_w_sweep/w_8/batch_latency_fixed_seed0.csv,a00ee11bca4c2b534fd12883cb6f59123e973d5ca4cfd7ed7f7ea148007c64d4,8847,legacy evidence quarantined; no research admission,complete byte hash
results/archive/static_w_sweep/w_8/harness_summary.csv,e1e7d64063e9aaa251cc13855db16788e5c37cd1bdc0f715edab895c44eac022,100,legacy evidence quarantined; no research admission,complete byte hash
results/archive/static_w_sweep/w_8/harness_summary_fixed_seed0.csv,b5e4893fe1f8ad012c7723fd0042c28ab1806c5ee0696037ec1817f95c08eb81,116,legacy evidence quarantined; no research admission,complete byte hash
results/archive/static_w_sweep/w_8/results_fixed_seed0.csv,9c53f49bce8d585e33a07faa60f2a9997e04b65c9993b5937bef1182739a20df,3293791,legacy evidence quarantined; no research admission,complete byte hash
results/archive/sweep_fr/shrink0.50_grow1.10/batch_latency_adaptive_seed0.csv,c3e7d537bc93bdc8c81d96c6806d9d5a3bfbad73faaa5716e6f6d5628e953cd2,2283703,legacy evidence quarantined; no research admission,complete byte hash
results/archive/sweep_fr/shrink0.50_grow1.10/harness_summary.csv,aebd57018e5c2863a7c1a0f06f8602bd803e8304c6120803c718dd65b12957e5,104,legacy evidence quarantined; no research admission,complete byte hash
results/archive/sweep_fr/shrink0.50_grow1.10/harness_summary_adaptive_seed0.csv,f489e35723eba4a6047e5912c16278db420b33cea6bc17a472b42047aa8454c2,120,legacy evidence quarantined; no research admission,complete byte hash
results/archive/sweep_fr/shrink0.50_grow1.10/results_adaptive_seed0.csv,6c85da071201970b99c502d8014d645991587fbfaa0244c76578a7b906b93bda,94679464,legacy evidence quarantined; no research admission,complete byte hash
results/archive/sweep_fr/shrink0.50_grow1.10/trace_adaptive_seed0.csv,27dcc96202482f300d4b92bc2ee6b9af9f72bb90c72267aeab2b10690ec8b2b1,26,legacy evidence quarantined; no research admission,complete byte hash
results/archive/sweep_fr/shrink0.50_grow1.15/batch_latency_adaptive_seed0.csv,be618020881988afd9bac898cb30a9de70633775109da34347487b5e355ea275,2301216,legacy evidence quarantined; no research admission,complete byte hash
results/archive/sweep_fr/shrink0.50_grow1.15/harness_summary.csv,c3eb4499b7d1d097d963879e45afd87f3312c7e81c26db9d74dfbb6e8b55537a,105,legacy evidence quarantined; no research admission,complete byte hash
results/archive/sweep_fr/shrink0.50_grow1.15/harness_summary_adaptive_seed0.csv,ea14cfc90bb38ba8339d2a146cfc2d6bebcdf0c2082d4d51b12d4d43fa464db8,121,legacy evidence quarantined; no research admission,complete byte hash
results/archive/sweep_fr/shrink0.50_grow1.15/results_adaptive_seed0.csv,91c0e4525c347b71235df574608b8772fdf99bcea40cfe018dd9de2877cc2ea3,94767764,legacy evidence quarantined; no research admission,complete byte hash
results/archive/sweep_fr/shrink0.50_grow1.15/trace_adaptive_seed0.csv,27dcc96202482f300d4b92bc2ee6b9af9f72bb90c72267aeab2b10690ec8b2b1,26,legacy evidence quarantined; no research admission,complete byte hash
results/archive/sweep_fr/shrink0.50_grow1.25/batch_latency_adaptive_seed0.csv,9feca2384a4fa6194fb498615df8eec0cd0d177be6a51a4a47c584af860defb2,2301084,legacy evidence quarantined; no research admission,complete byte hash
results/archive/sweep_fr/shrink0.50_grow1.25/harness_summary.csv,d21c4275f9b335aef79e7eb46c1e6844df0efc40c1fa3482d0053ccdb5d2487c,103,legacy evidence quarantined; no research admission,complete byte hash
results/archive/sweep_fr/shrink0.50_grow1.25/harness_summary_adaptive_seed0.csv,9726e3f86b3f7c5bc2e53538e031162adca9bd7a51ae31f715add2b82bd27f12,119,legacy evidence quarantined; no research admission,complete byte hash
results/archive/sweep_fr/shrink0.50_grow1.25/results_adaptive_seed0.csv,d42f93d1eb9d0a23de7cb6dcb7c80f6fb00873fbd281eb9cc6964289711343c4,94773859,legacy evidence quarantined; no research admission,complete byte hash
results/archive/sweep_fr/shrink0.50_grow1.25/trace_adaptive_seed0.csv,27dcc96202482f300d4b92bc2ee6b9af9f72bb90c72267aeab2b10690ec8b2b1,26,legacy evidence quarantined; no research admission,complete byte hash
results/archive/sweep_fr/shrink0.70_grow1.10/batch_latency_adaptive_seed0.csv,de5c815514168444c42e89cf0c4a14dded138666f75025e15507e5b66607c47a,2302315,legacy evidence quarantined; no research admission,complete byte hash
results/archive/sweep_fr/shrink0.70_grow1.10/harness_summary.csv,00c3fab293de0f6c51e8786177da9f4ed5753a37203dae371ffd72a4bff1ae66,104,legacy evidence quarantined; no research admission,complete byte hash
results/archive/sweep_fr/shrink0.70_grow1.10/harness_summary_adaptive_seed0.csv,332d0ba7fc2e42ecd008138c34df5ea7377d4a5cd6cc4e641881f5743e7b8159,120,legacy evidence quarantined; no research admission,complete byte hash
results/archive/sweep_fr/shrink0.70_grow1.10/results_adaptive_seed0.csv,c3fb66e72569c539ae630f9ae374e24ce04352060ec186d94be7eef51248b37d,94697810,legacy evidence quarantined; no research admission,complete byte hash
results/archive/sweep_fr/shrink0.70_grow1.10/trace_adaptive_seed0.csv,27dcc96202482f300d4b92bc2ee6b9af9f72bb90c72267aeab2b10690ec8b2b1,26,legacy evidence quarantined; no research admission,complete byte hash
results/archive/sweep_fr/shrink0.70_grow1.15/batch_latency_adaptive_seed0.csv,1f57b62c389af87be21ea92337549dc58c804445d9ff84d8376e06ba6b9bc41a,2304199,legacy evidence quarantined; no research admission,complete byte hash
results/archive/sweep_fr/shrink0.70_grow1.15/harness_summary.csv,61376ecc6fa6b70f46ced78efed0aa65a353a2e90c2a3511a3c60adad47770c1,104,legacy evidence quarantined; no research admission,complete byte hash
results/archive/sweep_fr/shrink0.70_grow1.15/harness_summary_adaptive_seed0.csv,f9ab7fd55c7030aacdec8bf8efdfda48976e96666ba2a0da84b5121cebafb38e,120,legacy evidence quarantined; no research admission,complete byte hash
results/archive/sweep_fr/shrink0.70_grow1.15/results_adaptive_seed0.csv,fff477008c1667cde1b26e0e389f7d98947cf8654f7ea50c24cf5fadaa61da49,94976298,legacy evidence quarantined; no research admission,complete byte hash
results/archive/sweep_fr/shrink0.70_grow1.15/trace_adaptive_seed0.csv,27dcc96202482f300d4b92bc2ee6b9af9f72bb90c72267aeab2b10690ec8b2b1,26,legacy evidence quarantined; no research admission,complete byte hash
results/archive/sweep_fr/shrink0.70_grow1.25/batch_latency_adaptive_seed0.csv,ce6915e1d33305c3abd8d445f4dcd3b8e9931f8587f23e4c91f38bbf1184cb34,2303682,legacy evidence quarantined; no research admission,complete byte hash
results/archive/sweep_fr/shrink0.70_grow1.25/harness_summary.csv,700e6c554737eb5bc2fd049e24ee8d69816d87b74da7383316e03920c84db7e9,104,legacy evidence quarantined; no research admission,complete byte hash
results/archive/sweep_fr/shrink0.70_grow1.25/harness_summary_adaptive_seed0.csv,dbfcb0972180d34e5831f3c7df08ddbb29993a2485a2fff5a13927476aecfc4f,120,legacy evidence quarantined; no research admission,complete byte hash
results/archive/sweep_fr/shrink0.70_grow1.25/results_adaptive_seed0.csv,1c4d346476a47d6222fd41007268e5e3b9ee280e5ff526447898965c4d4e2923,94843825,legacy evidence quarantined; no research admission,complete byte hash
results/archive/sweep_fr/shrink0.70_grow1.25/trace_adaptive_seed0.csv,27dcc96202482f300d4b92bc2ee6b9af9f72bb90c72267aeab2b10690ec8b2b1,26,legacy evidence quarantined; no research admission,complete byte hash
results/archive/sweep_fr/shrink0.85_grow1.10/batch_latency_adaptive_seed0.csv,8ce271667b1bbaa2f092b639f75807d886eac5dc980446bbad3d1510e2498904,2303068,legacy evidence quarantined; no research admission,complete byte hash
results/archive/sweep_fr/shrink0.85_grow1.10/harness_summary.csv,536fe839eccd21091db762752706162068cb28466c2d54a3b52b5e9f00322f3b,103,legacy evidence quarantined; no research admission,complete byte hash
results/archive/sweep_fr/shrink0.85_grow1.10/harness_summary_adaptive_seed0.csv,56953cc6ee37a91fd2b441e8068f4ce5f95bd5dbc977dfd3565b406824f35f0f,119,legacy evidence quarantined; no research admission,complete byte hash
results/archive/sweep_fr/shrink0.85_grow1.10/results_adaptive_seed0.csv,35b5a393a757988756002bc6b1bce64e975657507556506107489de4b051a463,94677916,legacy evidence quarantined; no research admission,complete byte hash
results/archive/sweep_fr/shrink0.85_grow1.10/trace_adaptive_seed0.csv,27dcc96202482f300d4b92bc2ee6b9af9f72bb90c72267aeab2b10690ec8b2b1,26,legacy evidence quarantined; no research admission,complete byte hash
results/archive/sweep_fr/shrink0.85_grow1.15/batch_latency_adaptive_seed0.csv,40c34112fce8a64c0042e0df17d0b610d2dbfbb99094ad6938920d9e0936477a,2300883,legacy evidence quarantined; no research admission,complete byte hash
results/archive/sweep_fr/shrink0.85_grow1.15/harness_summary.csv,747d1e8a6870a4b49046aa3f43fe53e12207d3430b261e4baca7a4dc48e2a64e,104,legacy evidence quarantined; no research admission,complete byte hash
results/archive/sweep_fr/shrink0.85_grow1.15/harness_summary_adaptive_seed0.csv,51225df2f44c452294d5b9ade6eeb9bd1e46b2ad0e447bc32362be2a519b9c89,120,legacy evidence quarantined; no research admission,complete byte hash
results/archive/sweep_fr/shrink0.85_grow1.15/results_adaptive_seed0.csv,7f3f1b19747ccd1be21a03d64dcba3d0f49ffbf5bdbb9c6ebfb6f626805c5162,94741871,legacy evidence quarantined; no research admission,complete byte hash
results/archive/sweep_fr/shrink0.85_grow1.15/trace_adaptive_seed0.csv,27dcc96202482f300d4b92bc2ee6b9af9f72bb90c72267aeab2b10690ec8b2b1,26,legacy evidence quarantined; no research admission,complete byte hash
results/archive/sweep_fr/shrink0.85_grow1.25/batch_latency_adaptive_seed0.csv,c595e9068106af6668bac4b80b49f6be98c495ce70b2e760acd201f766b7d2f8,2302930,legacy evidence quarantined; no research admission,complete byte hash
results/archive/sweep_fr/shrink0.85_grow1.25/harness_summary.csv,978feab74c3c2ad69d03552d85922ea672cddf21aa6421295ca871bd616b958b,105,legacy evidence quarantined; no research admission,complete byte hash
results/archive/sweep_fr/shrink0.85_grow1.25/harness_summary_adaptive_seed0.csv,4c9014ab0e42b8293d091d16db84c39c3b0709cba18e040fee38a63af45c7d9a,120,legacy evidence quarantined; no research admission,complete byte hash
results/archive/sweep_fr/shrink0.85_grow1.25/results_adaptive_seed0.csv,77b2738067d466e02e4088dffded2370178a3e671564fd839363c6d55db54675,94852408,legacy evidence quarantined; no research admission,complete byte hash
results/archive/sweep_fr/shrink0.85_grow1.25/trace_adaptive_seed0.csv,27dcc96202482f300d4b92bc2ee6b9af9f72bb90c72267aeab2b10690ec8b2b1,26,legacy evidence quarantined; no research admission,complete byte hash
results/figures/fig_causal_chain_demo.png,004c02a9b168f4a9fd8c25ee1624c06465178e7e4e82160a24e21a1523a5947d,167139,legacy evidence quarantined; no research admission,complete byte hash
results/figures/fig_feature_regret_comparison.png,91b0818627bbba500e285a6f2a2eb5336a5ad572bde4734bc28cf1755e6f5e7a,72344,legacy evidence quarantined; no research admission,complete byte hash
results/figures/fig_sensitivity_sweep.png,f4d4267e9c496203e41ae5ab0abb6371c715f8024e44c003bfa6dcf1d389eda2,42097,legacy evidence quarantined; no research admission,complete byte hash
results/figures/fig_staleness_fairness.png,1ae61ff2a34fe5f62d26da1a7d73ec13406ed29af1393e4c0a7b26cb290017ce,51871,legacy evidence quarantined; no research admission,complete byte hash
results/figures/passband_narrowing.png,31284a02a85351820c40787af9abd76330421bc5cb31e5871ce2b731cb50c814,374683,legacy evidence quarantined; no research admission,complete byte hash
results/figures/wa_correlation.png,644dee39cc450490bf7eccca5d7652d681c2fba88cb97a4df9b1f5b802c6138f,71021,legacy evidence quarantined; no research admission,complete byte hash
results/metrics_logs/FINAL_DATA_FOR_PAPER.txt,0890f769aab9913363a193b47817b1bc93966d98752eff0feae42260121f29c3,5924,legacy evidence quarantined; no research admission,complete byte hash
results/metrics_logs/final_harness_output_full_run_taobao.txt,31886e8ad45f69f57fb598c35f3e06e94ad8ce865979b2814aa84f8aadaa60e7,26178,legacy evidence quarantined; no research admission,complete byte hash
results/metrics_logs/metrics_B600_full_log.txt,c0be126d89f6f9cb1883348a7bdbd2ecc344d1b40abe52a04de87588b131b656,13085,legacy evidence quarantined; no research admission,complete byte hash
results/metrics_logs/metrics_maxrate.csv,4946439d3b44c8e3d8c7b8219b632c9e83254d0f54a953165eecbdbc52b90b6e,2015,legacy evidence quarantined; no research admission,complete byte hash
results/metrics_logs/metrics_maxrate.txt,e3b0c44298fc1c149afbf4c8996fb92427ae41e4649b934ca495991b7852b855,0,legacy evidence quarantined; no research admission,complete byte hash
results/metrics_logs/metrics_maxrate_test.txt,c65e2cead38ec8d5a243d9a17b903da6c4a08ba1e4fcd406405610490e6ddd2c,92,legacy evidence quarantined; no research admission,complete byte hash
results/metrics_logs/metrics_stress.csv,a5a1b365d1eb4be8d0524c40a56c0e8dac83922ad4800a63f8b6bf460c2e33af,1718,legacy evidence quarantined; no research admission,complete byte hash
results/metrics_logs/metrics_stress.txt,f482bd4a8b85d5f5d0932d6502d83b355f5d0a2ab84c5352cb662efe18d0b9b8,13076,legacy evidence quarantined; no research admission,complete byte hash
results/metrics_logs/metrics_summary.csv,98dd42a5adeea67cf702aa63167242f10d9ac6cbb5d896901dba923bf8a682cd,2306,legacy evidence quarantined; no research admission,complete byte hash
results/metrics_logs/results_final_block.txt,08dbf35087c77e366e6d9dc1494b0dd3ca104671197755de90a81140b65d4a9e,13085,legacy evidence quarantined; no research admission,complete byte hash
results/metrics_logs/stress_v2_metrics.txt,ed5ee2baa600316471d64a93a09fddab99e28aefc79a1bdad86fb1c70378bbeb,735,legacy evidence quarantined; no research admission,complete byte hash
results/metrics_logs/ulb_v2_metrics.txt,cfc92b1724b17d0055da8e95e81a8b8be62cb073f0b772e743b072ff4776cc99,275,legacy evidence quarantined; no research admission,complete byte hash
results/metrics_summary.csv,a2e0815f07f4b1aa114b93b62fa58f3e2a2cde677056ba6b31a48827d38b0c39,2308,legacy evidence quarantined; no research admission,complete byte hash
results/raw/batch_latency_aonly_seed0.csv,761b8e889f0ae9333ae283039e61fe5ffe59e060b98dc2f32dd655913a2a47ca,2497714,legacy evidence quarantined; no research admission,complete byte hash
results/raw/batch_latency_bonly_seed0.csv,ffe1b7e0fd9e15a1a7819b68870b3ecd8c1c90465be1f792c05c519fa1bbf5ab,206513,legacy evidence quarantined; no research admission,complete byte hash
results/raw/batch_latency_drift_seed0.csv,c8c11940f4a03973ef40c7a873b0884f5e64eac2c24d7b0fb2314f55abd3bc4a,106646,legacy evidence quarantined; no research admission,complete byte hash
results/raw/batch_latency_fixed_seed0.csv,00ef06c514e708995aedbc428d10a5263070a5053cce4fa1e7beace4dfbc6481,206607,legacy evidence quarantined; no research admission,complete byte hash
results/raw/batch_latency_throttle_seed0.csv,ae850117d3895ce7637772f4e875b73f91d15ac29c6c760e0374fa2d761fd016,206538,legacy evidence quarantined; no research admission,complete byte hash
results/raw/harness_summary.csv,f9acf54fd99e8d3e1f901ceaa3b313976363f765faa74f1006a95910d7fee0fb,237,legacy evidence quarantined; no research admission,complete byte hash
results/raw/harness_summary_aonly_seed0.csv,2c5fda481cc0550f52a5ce41230147251565b9208d515ffa2b4c519fa92103e2,114,legacy evidence quarantined; no research admission,complete byte hash
results/raw/harness_summary_bonly_seed0.csv,3946eec9a198ef9a6627c61112cf28ca1cd3f360d650ac6c95f1069bcc1aceb0,120,legacy evidence quarantined; no research admission,complete byte hash
results/raw/harness_summary_drift_seed0.csv,8dde8a37fcbb35416e4f0aa487645312bcfb08e21bcc65f4645ce5e359676cca,116,legacy evidence quarantined; no research admission,complete byte hash
results/raw/harness_summary_fixed_seed0.csv,b5e4893fe1f8ad012c7723fd0042c28ab1806c5ee0696037ec1817f95c08eb81,116,legacy evidence quarantined; no research admission,complete byte hash
results/raw/harness_summary_throttle_seed0.csv,bff3057178d596a0d4fd179d308aff7613ddc6ca338e12e866e47b5e3607d14d,119,legacy evidence quarantined; no research admission,complete byte hash
results/raw/results_adaptive_seed0.csv,9e25c258199d849cd570608ee798cf7978212b204d2e4cda84f2e832d855db2c,2953216,legacy evidence quarantined; no research admission,complete byte hash
results/raw/results_aonly_seed0.csv,2cae14fec0533789a30c2682391b750811d5d8f801d8f46ca605cc77aa0bcda5,92802379,legacy evidence quarantined; no research admission,complete byte hash
results/raw/results_bonly_seed0.csv,65a13e8ebf0edd602e27563e3a4e068c91755fe473297e8f25329a795edc0391,90228931,legacy evidence quarantined; no research admission,complete byte hash
results/raw/results_drift_seed0.csv,a5efcb273faa2a9740cd962e0f217e315fb3cbbab9b40600b41b1e777e6e2e66,85462581,legacy evidence quarantined; no research admission,complete byte hash
results/raw/results_fixed_seed0.csv,b2ef0bd4c24cc47384b099a5509ceb900382dee682d56d8a0e954783bca2d0f2,85280010,legacy evidence quarantined; no research admission,complete byte hash
results/raw/results_throttle_seed0.csv,14b7d8b81f5e85b250b77e173e10b1214e6178009092205e12864e0bdc8d9373,85319498,legacy evidence quarantined; no research admission,complete byte hash
results/raw/trace_adaptive_seed0.csv,e3b0c44298fc1c149afbf4c8996fb92427ae41e4649b934ca495991b7852b855,0,legacy evidence quarantined; no research admission,complete byte hash
results/runs/RUNS_INDEX.md,3699b33bef8ac2d56b37bb3753868b728dc65daec7cce2c7e0e44adf22cb3919,847,legacy evidence quarantined; no research admission,complete byte hash
results/runs/maxrate_5seed_primary/adaptive_synthetic.csv,d97f7ce0f9b39f205537a690e6e3aa00d318b49ab1c714e1bf0389c1ef33d937,8090160,legacy evidence quarantined; no research admission,complete byte hash
results/runs/maxrate_5seed_primary/batch_latency_drift_seed0.csv,0a8fb1b0a291edefe6614ac12381657ae8b87dba2d80d629fe1a45575c3201b3,106421,legacy evidence quarantined; no research admission,complete byte hash
results/runs/maxrate_5seed_primary/harness_summary.csv,5ee5825d3d2e436a9c66ac7e5447a33d9ca1e8630d7712f0d561bc62295a72c7,100,legacy evidence quarantined; no research admission,complete byte hash
results/runs/maxrate_5seed_primary/harness_summary_adaptive_seed0.csv,3d8c2bd8a2a6634a6383a5371f035d2468e6c4ed3c843ffe2fa19bea41a57d4e,121,legacy evidence quarantined; no research admission,complete byte hash
results/runs/maxrate_5seed_primary/harness_summary_adaptive_seed1.csv,8d7745fc9870390fe64eb1041067fdd568ae70428c4eed4e31f291d480af269c,122,legacy evidence quarantined; no research admission,complete byte hash
results/runs/maxrate_5seed_primary/harness_summary_adaptive_seed2.csv,c7a2d6aec05271375085d146759335555dde4be28c8e6e4e314ee9554a0f915f,120,legacy evidence quarantined; no research admission,complete byte hash
results/runs/maxrate_5seed_primary/harness_summary_adaptive_seed3.csv,61d6a05f12bad8d9b3012ab41481ad8fe1d8c6aabc905920087cd34990911f81,122,legacy evidence quarantined; no research admission,complete byte hash
results/runs/maxrate_5seed_primary/harness_summary_adaptive_seed4.csv,f34cebb73da3021b1e90c9c8aa8b66794119fa6b3d4d93bc8784c85ecda8c80f,120,legacy evidence quarantined; no research admission,complete byte hash
results/runs/maxrate_5seed_primary/harness_summary_aonly_seed0.csv,4458403cceca1d2fba9c7c460a6a03d3b98811faf95139977c154689c930591c,113,legacy evidence quarantined; no research admission,complete byte hash
results/runs/maxrate_5seed_primary/harness_summary_aonly_seed1.csv,95e666cbf4cb82d3aabd7b21be8799a4388bcdccdec3381dc8ee1a54ca6b36da,113,legacy evidence quarantined; no research admission,complete byte hash
results/runs/maxrate_5seed_primary/harness_summary_aonly_seed2.csv,62c26f6b0a61b1ca00c0fa3059e7f1d38b68b191188d4fba8c5e9c768edd6c51,112,legacy evidence quarantined; no research admission,complete byte hash
results/runs/maxrate_5seed_primary/harness_summary_aonly_seed3.csv,1e5432adc1ad8bba4b68b4e47616976e19da9818cec2d900157137f2b97e4094,113,legacy evidence quarantined; no research admission,complete byte hash
results/runs/maxrate_5seed_primary/harness_summary_aonly_seed4.csv,4bfcf4196ee4ffc05902bed6afc206fdc42cca761e6437ce7aa8de6ebf8c726d,113,legacy evidence quarantined; no research admission,complete byte hash
results/runs/maxrate_5seed_primary/harness_summary_bonly_seed0.csv,3946eec9a198ef9a6627c61112cf28ca1cd3f360d650ac6c95f1069bcc1aceb0,120,legacy evidence quarantined; no research admission,complete byte hash
results/runs/maxrate_5seed_primary/harness_summary_bonly_seed1.csv,db5f459aacad4b28fd596113c96f7d0c8e12eb216b56d824f14236d566e30168,120,legacy evidence quarantined; no research admission,complete byte hash
results/runs/maxrate_5seed_primary/harness_summary_bonly_seed2.csv,7158a4d79f51879784ff61169b0f2c0c53c2930cfe025dd43bb6d894a371312e,120,legacy evidence quarantined; no research admission,complete byte hash
results/runs/maxrate_5seed_primary/harness_summary_bonly_seed3.csv,677d692f2d76f635681c55c9b181a1bace91caa51e7e04fe5238eccaa1778122,120,legacy evidence quarantined; no research admission,complete byte hash
results/runs/maxrate_5seed_primary/harness_summary_bonly_seed4.csv,91b299c6cd4b7f1566a6f7327ee8b1ce0b80551fac5624fb9ac0fa2b4c29e0c4,120,legacy evidence quarantined; no research admission,complete byte hash
results/runs/maxrate_5seed_primary/harness_summary_drift_seed0.csv,8dde8a37fcbb35416e4f0aa487645312bcfb08e21bcc65f4645ce5e359676cca,116,legacy evidence quarantined; no research admission,complete byte hash
results/runs/maxrate_5seed_primary/harness_summary_drift_seed1.csv,b6af7e6838ee0ac05d2fc94658dce23525cd9d799f9e3b5d9bdbab97b7cc27c0,116,legacy evidence quarantined; no research admission,complete byte hash
results/runs/maxrate_5seed_primary/harness_summary_drift_seed2.csv,f5992239baadcc69be456ea34120dff8c26833448a26e0d70f8016dcb94c6836,116,legacy evidence quarantined; no research admission,complete byte hash
results/runs/maxrate_5seed_primary/harness_summary_drift_seed3.csv,e0ad0af61f47ec6c61229d7f4962c80213ab84af0293cfaa72878a5b9486d270,116,legacy evidence quarantined; no research admission,complete byte hash
results/runs/maxrate_5seed_primary/harness_summary_drift_seed4.csv,d15f705727fb10f4e3a4f0fa1d025e353123690e6205c9c51efe8f1fbc14ece1,116,legacy evidence quarantined; no research admission,complete byte hash
results/runs/maxrate_5seed_primary/harness_summary_fixed_seed0.csv,b5e4893fe1f8ad012c7723fd0042c28ab1806c5ee0696037ec1817f95c08eb81,116,legacy evidence quarantined; no research admission,complete byte hash
results/runs/maxrate_5seed_primary/harness_summary_fixed_seed1.csv,c623b4ce6ff2d3ffb50b61b82935567f37087a0cdf2868b05bd2d45599f5cf0d,116,legacy evidence quarantined; no research admission,complete byte hash
results/runs/maxrate_5seed_primary/harness_summary_fixed_seed2.csv,644fb1296cd229a6625a3725af191503fb89756b113d763bd267295e71b0d2cf,116,legacy evidence quarantined; no research admission,complete byte hash
results/runs/maxrate_5seed_primary/harness_summary_fixed_seed3.csv,930aa187b1aa43fa7b17ff030808e7fbcf2e0225e4cf39205d71df1c8f06d3ed,116,legacy evidence quarantined; no research admission,complete byte hash
results/runs/maxrate_5seed_primary/harness_summary_fixed_seed4.csv,8f8cb2f56086f01cfd0fcc19bdf9d4cb50b2eba1c8e67ca1881ee7e18cd8e4ab,116,legacy evidence quarantined; no research admission,complete byte hash
results/runs/maxrate_5seed_primary/harness_summary_ralf_seed0.csv,11a0f8f1a76c01c6e5ee1d039603b307b0478e0821223f53b2edf98857d04c1a,115,legacy evidence quarantined; no research admission,complete byte hash
results/runs/maxrate_5seed_primary/harness_summary_ralf_seed1.csv,289de6752eabce155c4b9e902c19dd8b731a348de6ab786461d6c18e090333eb,115,legacy evidence quarantined; no research admission,complete byte hash
results/runs/maxrate_5seed_primary/harness_summary_ralf_seed2.csv,ced5dee958d04b6537352f1304f111613d061afe722b6783873e0ecd09700987,115,legacy evidence quarantined; no research admission,complete byte hash
results/runs/maxrate_5seed_primary/harness_summary_ralf_seed3.csv,f2350605376b9a5e6c2f5611e77e2c71568a72d97962edb1f5c81fe00fbd7d20,115,legacy evidence quarantined; no research admission,complete byte hash
results/runs/maxrate_5seed_primary/harness_summary_ralf_seed4.csv,4d3aa2afc3f2a5af4cae83c75aab56d961b54089ea759e801e427a6601fce079,115,legacy evidence quarantined; no research admission,complete byte hash
results/runs/maxrate_5seed_primary/harness_summary_throttle_seed0.csv,bff3057178d596a0d4fd179d308aff7613ddc6ca338e12e866e47b5e3607d14d,119,legacy evidence quarantined; no research admission,complete byte hash
results/runs/maxrate_5seed_primary/harness_summary_throttle_seed1.csv,e657b92ee412bdbdee95735bb3e1d20445c9cf4d2bec1530c70357d1eb5fc1d1,119,legacy evidence quarantined; no research admission,complete byte hash
results/runs/maxrate_5seed_primary/harness_summary_throttle_seed2.csv,4412470a579f35394e2b8619f70b5d46d1ea428887bc7b7554df3a3ee733f5dc,119,legacy evidence quarantined; no research admission,complete byte hash
results/runs/maxrate_5seed_primary/harness_summary_throttle_seed3.csv,14c125b1263b0a68886766f24e7d3c9b935713838c21a579bf776ad3a989f9f5,119,legacy evidence quarantined; no research admission,complete byte hash
results/runs/maxrate_5seed_primary/harness_summary_throttle_seed4.csv,452594981d0c283f552c3e336f1a9a6cd4d3d110efdcccfa72acbaae0b7a50e6,119,legacy evidence quarantined; no research admission,complete byte hash
results/runs/maxrate_5seed_primary/repro_1_7_adaptive_0/batch_latency_adaptive_seed0.csv,3468597794f4cbada8eb43a085d70c17ce7df3c62c9ff6f408941b7f15ab0461,23117,legacy evidence quarantined; no research admission,complete byte hash
results/runs/maxrate_5seed_primary/repro_1_7_adaptive_0/harness_summary.csv,4155a3226059da49c845198f8e8199ba4071a618274c5c0da540a80826ef25ab,103,legacy evidence quarantined; no research admission,complete byte hash
results/runs/maxrate_5seed_primary/repro_1_7_adaptive_0/harness_summary_adaptive_seed0.csv,392bf07d9f46a2dd6bcc559acc89dc68eaa289f49bd7a1075e831bcca71161fc,119,legacy evidence quarantined; no research admission,complete byte hash
results/runs/maxrate_5seed_primary/repro_1_7_adaptive_0/results_adaptive_seed0.csv,003ead3d21ad0fc1f6c0e7e140eaa6cc7e7d52900729559e7ae9ff174f7bdefd,3845793,legacy evidence quarantined; no research admission,complete byte hash
results/runs/maxrate_5seed_primary/repro_1_7_adaptive_0/trace_adaptive_seed0.csv,27dcc96202482f300d4b92bc2ee6b9af9f72bb90c72267aeab2b10690ec8b2b1,26,legacy evidence quarantined; no research admission,complete byte hash
results/runs/maxrate_5seed_primary/repro_1_7_adaptive_1/batch_latency_adaptive_seed0.csv,cf33a599af635be0baaf2cb8c10ae5c207b0ae6db87eba878968ee8544240d5a,56924,legacy evidence quarantined; no research admission,complete byte hash
results/runs/maxrate_5seed_primary/repro_1_7_adaptive_1/harness_summary.csv,efa9e44ee3162d8afd8f471c4baaa3521a779d2c55022340612c66de9a6a5a87,102,legacy evidence quarantined; no research admission,complete byte hash
results/runs/maxrate_5seed_primary/repro_1_7_adaptive_1/harness_summary_adaptive_seed0.csv,d0758108886d848caec1c908a307428182311f12f97b8702483a005d09200fa1,119,legacy evidence quarantined; no research admission,complete byte hash
results/runs/maxrate_5seed_primary/repro_1_7_adaptive_1/results_adaptive_seed0.csv,4b65c86915e03bc531cad69dbf7e81ef80bfc0ed180c0e63d8826ffa637dc70e,3762672,legacy evidence quarantined; no research admission,complete byte hash
results/runs/maxrate_5seed_primary/repro_1_7_adaptive_1/trace_adaptive_seed0.csv,27dcc96202482f300d4b92bc2ee6b9af9f72bb90c72267aeab2b10690ec8b2b1,26,legacy evidence quarantined; no research admission,complete byte hash
results/runs/maxrate_5seed_primary/repro_1_7_adaptive_2/batch_latency_adaptive_seed0.csv,8474fca86ffc7bbcb5a1742ff9ef05fd03d464ec4c0b060a25de989ec2c2e84b,56243,legacy evidence quarantined; no research admission,complete byte hash
results/runs/maxrate_5seed_primary/repro_1_7_adaptive_2/harness_summary.csv,8e924e5ea2e684281205af625388ba303bea6916ea1ca0bcfa3234efa3a63290,102,legacy evidence quarantined; no research admission,complete byte hash
results/runs/maxrate_5seed_primary/repro_1_7_adaptive_2/harness_summary_adaptive_seed0.csv,5f145fcdc929d89c1390d400fed955e3efc60765fe81dc65015f40f79e3cb9a5,119,legacy evidence quarantined; no research admission,complete byte hash
results/runs/maxrate_5seed_primary/repro_1_7_adaptive_2/results_adaptive_seed0.csv,7923ecf5ca6f3aa710535c92c3bfe6c74d99d7bf0eac90b9d24146de13d4ca4f,3766295,legacy evidence quarantined; no research admission,complete byte hash
results/runs/maxrate_5seed_primary/repro_1_7_adaptive_2/trace_adaptive_seed0.csv,27dcc96202482f300d4b92bc2ee6b9af9f72bb90c72267aeab2b10690ec8b2b1,26,legacy evidence quarantined; no research admission,complete byte hash
results/runs/maxrate_5seed_primary/repro_1_7_adaptive_3/batch_latency_adaptive_seed0.csv,19cf484c67de237966796108fa934f1d1185441348901190731f9891678f3a99,55417,legacy evidence quarantined; no research admission,complete byte hash
results/runs/maxrate_5seed_primary/repro_1_7_adaptive_3/harness_summary.csv,7da98ca54b4c19424da548938cb1c26f08d7da351c7c3b2b3b70ff95eb7eef3e,102,legacy evidence quarantined; no research admission,complete byte hash
results/runs/maxrate_5seed_primary/repro_1_7_adaptive_3/harness_summary_adaptive_seed0.csv,a853538dfec5f67c10a2b2bc4012cb2219c44deb57f0d3ac3c320b565ba04d24,119,legacy evidence quarantined; no research admission,complete byte hash
results/runs/maxrate_5seed_primary/repro_1_7_adaptive_3/results_adaptive_seed0.csv,b946ad00a29d4025ea6a409dc062f7aa7830a18fcdbbb6b0e84ed4f571e61554,3691000,legacy evidence quarantined; no research admission,complete byte hash
results/runs/maxrate_5seed_primary/repro_1_7_adaptive_3/trace_adaptive_seed0.csv,27dcc96202482f300d4b92bc2ee6b9af9f72bb90c72267aeab2b10690ec8b2b1,26,legacy evidence quarantined; no research admission,complete byte hash
results/runs/maxrate_5seed_primary/repro_1_7_adaptive_4/batch_latency_adaptive_seed0.csv,228233f543499241ce89b78296370b315b0d99a75bd9c60dadaedc266420f492,55472,legacy evidence quarantined; no research admission,complete byte hash
results/runs/maxrate_5seed_primary/repro_1_7_adaptive_4/harness_summary.csv,181d306842362b0f309a83d2973ccd782026ae21b414101e2b7514a268c57278,102,legacy evidence quarantined; no research admission,complete byte hash
results/runs/maxrate_5seed_primary/repro_1_7_adaptive_4/harness_summary_adaptive_seed0.csv,d5cd4d6661fd4cf036b5a04f0e1ff701b8edeed7a9c458a1574f254577329896,119,legacy evidence quarantined; no research admission,complete byte hash
results/runs/maxrate_5seed_primary/repro_1_7_adaptive_4/results_adaptive_seed0.csv,f66e2883cb7752a483adcddc335430b97786fc00bddce0998e616d88756c6c2d,3692029,legacy evidence quarantined; no research admission,complete byte hash
results/runs/maxrate_5seed_primary/repro_1_7_adaptive_4/trace_adaptive_seed0.csv,27dcc96202482f300d4b92bc2ee6b9af9f72bb90c72267aeab2b10690ec8b2b1,26,legacy evidence quarantined; no research admission,complete byte hash
results/runs/maxrate_5seed_primary/repro_1_7_aonly_0/batch_latency_aonly_seed0.csv,0a81d03312acb955a1b9324114afd7e4acbad27609771fa7ca41a706bcfa0ca0,56122,legacy evidence quarantined; no research admission,complete byte hash
results/runs/maxrate_5seed_primary/repro_1_7_aonly_0/harness_summary.csv,eac2745c8cea36ba3f626f9fec929e2f6ce8a10ec9c16d55811a717808c722b1,99,legacy evidence quarantined; no research admission,complete byte hash
results/runs/maxrate_5seed_primary/repro_1_7_aonly_0/harness_summary_aonly_seed0.csv,084946b1e8054e9f1738a8b09dc76a6ba2e3927ff88f887b0102dd9cea7e5b94,112,legacy evidence quarantined; no research admission,complete byte hash
results/runs/maxrate_5seed_primary/repro_1_7_aonly_0/results_aonly_seed0.csv,97556c183a8e422f50d2ce2ea1e84f48d082e1f6651e4788929688f5ce3610f2,3517987,legacy evidence quarantined; no research admission,complete byte hash
results/runs/maxrate_5seed_primary/repro_1_7_aonly_1/batch_latency_aonly_seed0.csv,53bea347192e4a2bbe05470e37ece422e705c514e6da20bb9b1a1daa5b66be63,56108,legacy evidence quarantined; no research admission,complete byte hash
results/runs/maxrate_5seed_primary/repro_1_7_aonly_1/harness_summary.csv,537cd14bca6ce89cafddb479cb8519b06038ffea72cb5d1df229aef03723c9e0,99,legacy evidence quarantined; no research admission,complete byte hash
results/runs/maxrate_5seed_primary/repro_1_7_aonly_1/harness_summary_aonly_seed0.csv,084946b1e8054e9f1738a8b09dc76a6ba2e3927ff88f887b0102dd9cea7e5b94,112,legacy evidence quarantined; no research admission,complete byte hash
results/runs/maxrate_5seed_primary/repro_1_7_aonly_1/results_aonly_seed0.csv,4bdca2645cbab78f8c1915000292ec2ef3df2e3e6f61b3d8c135c60be8530a5c,3505909,legacy evidence quarantined; no research admission,complete byte hash
results/runs/maxrate_5seed_primary/repro_1_7_aonly_2/batch_latency_aonly_seed0.csv,b5f0a0db8d2435f1c87a0c4ef0fb608085fd2c820f8cef33a33dace735ae88e0,56163,legacy evidence quarantined; no research admission,complete byte hash
results/runs/maxrate_5seed_primary/repro_1_7_aonly_2/harness_summary.csv,5fa31cfebbbdb873bbf888287b2a077b360c3f367d0f825ad426bfcf1ea82971,99,legacy evidence quarantined; no research admission,complete byte hash
results/runs/maxrate_5seed_primary/repro_1_7_aonly_2/harness_summary_aonly_seed0.csv,084946b1e8054e9f1738a8b09dc76a6ba2e3927ff88f887b0102dd9cea7e5b94,112,legacy evidence quarantined; no research admission,complete byte hash
results/runs/maxrate_5seed_primary/repro_1_7_aonly_2/results_aonly_seed0.csv,07dacb9264d1c410a927ba1576f0eb192cb9b960eb550d2b0ed9566f4444a553,3468949,legacy evidence quarantined; no research admission,complete byte hash
results/runs/maxrate_5seed_primary/repro_1_7_aonly_3/batch_latency_aonly_seed0.csv,8169128ee2aae43a8a34d9dd8b37abe5dbf16a073b27c99939eb6a75c2031ce4,69243,legacy evidence quarantined; no research admission,complete byte hash
results/runs/maxrate_5seed_primary/repro_1_7_aonly_3/harness_summary.csv,99f0735dc0113d98f07f4f02b84bf708e6ba2867d328ec537229df8edc1f1302,99,legacy evidence quarantined; no research admission,complete byte hash
results/runs/maxrate_5seed_primary/repro_1_7_aonly_3/harness_summary_aonly_seed0.csv,084946b1e8054e9f1738a8b09dc76a6ba2e3927ff88f887b0102dd9cea7e5b94,112,legacy evidence quarantined; no research admission,complete byte hash
results/runs/maxrate_5seed_primary/repro_1_7_aonly_3/results_aonly_seed0.csv,bcb9845ae385394df1712b9b380d9bd80a0e90c74caaacee13f1c8df53b832a4,3522019,legacy evidence quarantined; no research admission,complete byte hash
results/runs/maxrate_5seed_primary/repro_1_7_aonly_4/batch_latency_aonly_seed0.csv,2ff7a1ea2fa90df7f2f80847793e922202c926b224898393bb3a1dea025845df,56941,legacy evidence quarantined; no research admission,complete byte hash
results/runs/maxrate_5seed_primary/repro_1_7_aonly_4/harness_summary.csv,d72eb6692552b5b4a3c3ad2de01b6a362c3fe30fba982ba99db3cded06b1163a,99,legacy evidence quarantined; no research admission,complete byte hash
results/runs/maxrate_5seed_primary/repro_1_7_aonly_4/harness_summary_aonly_seed0.csv,084946b1e8054e9f1738a8b09dc76a6ba2e3927ff88f887b0102dd9cea7e5b94,112,legacy evidence quarantined; no research admission,complete byte hash
results/runs/maxrate_5seed_primary/repro_1_7_aonly_4/results_aonly_seed0.csv,b7cc9dd30f674f1c7aa1e584b530f41368d661c5c55d57b06b5f2bc6521443ec,3565438,legacy evidence quarantined; no research admission,complete byte hash
results/runs/maxrate_5seed_primary/repro_1_7_bonly_0/batch_latency_bonly_seed0.csv,d096a4a6bb762f38e53d478a297d21311b1d4d06f95c734a612c37a4d844d211,7782,legacy evidence quarantined; no research admission,complete byte hash
results/runs/maxrate_5seed_primary/repro_1_7_bonly_0/harness_summary.csv,7ce5c56d4959c1ce9d9d65d923df40562091c4451a1b7fafcc5b29a21df18c6e,101,legacy evidence quarantined; no research admission,complete byte hash
results/runs/maxrate_5seed_primary/repro_1_7_bonly_0/harness_summary_bonly_seed0.csv,3946eec9a198ef9a6627c61112cf28ca1cd3f360d650ac6c95f1069bcc1aceb0,120,legacy evidence quarantined; no research admission,complete byte hash
results/runs/maxrate_5seed_primary/repro_1_7_bonly_0/results_bonly_seed0.csv,013d2a6c266b9bd38bba920aa0af1508e313110cd1bd304e28dc06fd56c1ef81,3454194,legacy evidence quarantined; no research admission,complete byte hash
results/runs/maxrate_5seed_primary/repro_1_7_bonly_1/batch_latency_bonly_seed0.csv,317eef9acd55a1fe52810af6a01347af5ed70f54905ef08fb9e5d9a9449076e4,7820,legacy evidence quarantined; no research admission,complete byte hash
results/runs/maxrate_5seed_primary/repro_1_7_bonly_1/harness_summary.csv,1c9ac5df57c90a6958a9d63af087bba4c6f104f853ca3c1f6e0965ab568ada63,101,legacy evidence quarantined; no research admission,complete byte hash
results/runs/maxrate_5seed_primary/repro_1_7_bonly_1/harness_summary_bonly_seed0.csv,3946eec9a198ef9a6627c61112cf28ca1cd3f360d650ac6c95f1069bcc1aceb0,120,legacy evidence quarantined; no research admission,complete byte hash
results/runs/maxrate_5seed_primary/repro_1_7_bonly_1/results_bonly_seed0.csv,6c2deee904e3c726f3896fc96e29ee53ed85898e5cc1f0d5eec9accbf79cad54,3482235,legacy evidence quarantined; no research admission,complete byte hash
results/runs/maxrate_5seed_primary/repro_1_7_bonly_2/batch_latency_bonly_seed0.csv,e1421102bb689985c8154f72db8501e238f9e9f44e7f354b4639d9fa269cfd09,7773,legacy evidence quarantined; no research admission,complete byte hash
results/runs/maxrate_5seed_primary/repro_1_7_bonly_2/harness_summary.csv,255419142a58325d4611f37ef99d1e10b67a0b7206b7721e28245665df62fe83,101,legacy evidence quarantined; no research admission,complete byte hash
results/runs/maxrate_5seed_primary/repro_1_7_bonly_2/harness_summary_bonly_seed0.csv,3946eec9a198ef9a6627c61112cf28ca1cd3f360d650ac6c95f1069bcc1aceb0,120,legacy evidence quarantined; no research admission,complete byte hash
results/runs/maxrate_5seed_primary/repro_1_7_bonly_2/results_bonly_seed0.csv,bf1419ab9233d860cf7fd353c26973e883af4ce00b315fa7f2c11b757a5d233e,3465622,legacy evidence quarantined; no research admission,complete byte hash
results/runs/maxrate_5seed_primary/repro_1_7_bonly_3/batch_latency_bonly_seed0.csv,2827972f5c3909c69057a71ec2c8897801b972fbfc21202aa5d2a445a40322f6,7772,legacy evidence quarantined; no research admission,complete byte hash
results/runs/maxrate_5seed_primary/repro_1_7_bonly_3/harness_summary.csv,5cfb56ed685e6ad6d6e644d8b7e8a09651394114cf3a0e5abd90ec0106e35cc2,102,legacy evidence quarantined; no research admission,complete byte hash
results/runs/maxrate_5seed_primary/repro_1_7_bonly_3/harness_summary_bonly_seed0.csv,3946eec9a198ef9a6627c61112cf28ca1cd3f360d650ac6c95f1069bcc1aceb0,120,legacy evidence quarantined; no research admission,complete byte hash
results/runs/maxrate_5seed_primary/repro_1_7_bonly_3/results_bonly_seed0.csv,cc38e51c503f3afc808cdfbdba749d6cc61ee100165af3418924791c7f970022,3449566,legacy evidence quarantined; no research admission,complete byte hash
results/runs/maxrate_5seed_primary/repro_1_7_bonly_4/batch_latency_bonly_seed0.csv,300808e928b398f4c0c228b705463a50f7dc80eb34dcc4d6ace32d4e43509b12,7705,legacy evidence quarantined; no research admission,complete byte hash
results/runs/maxrate_5seed_primary/repro_1_7_bonly_4/harness_summary.csv,e1245b0e90411e35793ea13d58a8f45011bd69ede42e030bf1427b545e0ce965,102,legacy evidence quarantined; no research admission,complete byte hash
results/runs/maxrate_5seed_primary/repro_1_7_bonly_4/harness_summary_bonly_seed0.csv,3946eec9a198ef9a6627c61112cf28ca1cd3f360d650ac6c95f1069bcc1aceb0,120,legacy evidence quarantined; no research admission,complete byte hash
results/runs/maxrate_5seed_primary/repro_1_7_bonly_4/results_bonly_seed0.csv,ff6db55a7f02a48f97e2924059c152ad91405eba280e69f449aaa8fbe7695a62,3478574,legacy evidence quarantined; no research admission,complete byte hash
results/runs/maxrate_5seed_primary/repro_1_7_drift_0/batch_latency_drift_seed0.csv,6036fd117c8e00eb4a0e9196b9d4a3483c28a58f8f9672aa68dcfec592ba89fc,3942,legacy evidence quarantined; no research admission,complete byte hash
results/runs/maxrate_5seed_primary/repro_1_7_drift_0/harness_summary.csv,d150c62d0cdfd7d1b5b5e05554d614e5ee1f5c50ef3c9da9d7f3de1ebd3e9930,100,legacy evidence quarantined; no research admission,complete byte hash
results/runs/maxrate_5seed_primary/repro_1_7_drift_0/harness_summary_drift_seed0.csv,8dde8a37fcbb35416e4f0aa487645312bcfb08e21bcc65f4645ce5e359676cca,116,legacy evidence quarantined; no research admission,complete byte hash
results/runs/maxrate_5seed_primary/repro_1_7_drift_0/results_drift_seed0.csv,386907db38365d1ad861e9b160467d2c703d5f775652fc8449b62717f653a1d4,3292825,legacy evidence quarantined; no research admission,complete byte hash
results/runs/maxrate_5seed_primary/repro_1_7_drift_1/batch_latency_drift_seed0.csv,ed1c428bf139f6ed6478bed0fd3261a09c494e88bd96f94232d1a990b669eff8,3944,legacy evidence quarantined; no research admission,complete byte hash
results/runs/maxrate_5seed_primary/repro_1_7_drift_1/harness_summary.csv,b27ba3f83d49a97d8091913743aec4d2acc67cf74d3270ca6ae7ee919b80fc43,99,legacy evidence quarantined; no research admission,complete byte hash
results/runs/maxrate_5seed_primary/repro_1_7_drift_1/harness_summary_drift_seed0.csv,8dde8a37fcbb35416e4f0aa487645312bcfb08e21bcc65f4645ce5e359676cca,116,legacy evidence quarantined; no research admission,complete byte hash
results/runs/maxrate_5seed_primary/repro_1_7_drift_1/results_drift_seed0.csv,82a591527bdd644ff482106ff30e20f31dba73c95d02f1d4313105a18c6dc2fd,3271950,legacy evidence quarantined; no research admission,complete byte hash
results/runs/maxrate_5seed_primary/repro_1_7_drift_2/batch_latency_drift_seed0.csv,c22eaa28470d8946b91b57f4ce921d054b372d57f9c57aad4de03ccd66d96ab1,3930,legacy evidence quarantined; no research admission,complete byte hash
results/runs/maxrate_5seed_primary/repro_1_7_drift_2/harness_summary.csv,d0706bc77a3a8c7796090018fa1e7f5aff3c4ff19e5179ba22dd9b6012baf918,99,legacy evidence quarantined; no research admission,complete byte hash
results/runs/maxrate_5seed_primary/repro_1_7_drift_2/harness_summary_drift_seed0.csv,8dde8a37fcbb35416e4f0aa487645312bcfb08e21bcc65f4645ce5e359676cca,116,legacy evidence quarantined; no research admission,complete byte hash
results/runs/maxrate_5seed_primary/repro_1_7_drift_2/results_drift_seed0.csv,df3aa0d3e2eaf0225c3098178d43d595b71c3e83ef53f246a520b6102d4cea7f,3269096,legacy evidence quarantined; no research admission,complete byte hash
results/runs/maxrate_5seed_primary/repro_1_7_drift_3/batch_latency_drift_seed0.csv,c4e849e0a16f0581388968ae709a85056b5310ff5b99b883168f9823abe15ea5,3937,legacy evidence quarantined; no research admission,complete byte hash
results/runs/maxrate_5seed_primary/repro_1_7_drift_3/harness_summary.csv,408306613eea5f39cc38726df19a748050039dc9b966184534c527b1c56e0f12,99,legacy evidence quarantined; no research admission,complete byte hash
results/runs/maxrate_5seed_primary/repro_1_7_drift_3/harness_summary_drift_seed0.csv,8dde8a37fcbb35416e4f0aa487645312bcfb08e21bcc65f4645ce5e359676cca,116,legacy evidence quarantined; no research admission,complete byte hash
results/runs/maxrate_5seed_primary/repro_1_7_drift_3/results_drift_seed0.csv,87d1a3425d3da06b6649ab57c1152a9da68d1706b1fcf8f05f29fe8ad91ca961,3271190,legacy evidence quarantined; no research admission,complete byte hash
results/runs/maxrate_5seed_primary/repro_1_7_drift_4/batch_latency_drift_seed0.csv,5cc85f527af6797c1abcbcf3d9a2d135d467f2f4527ac5d8b14656566fa70c20,3927,legacy evidence quarantined; no research admission,complete byte hash
results/runs/maxrate_5seed_primary/repro_1_7_drift_4/harness_summary.csv,b0c1e9bb4ea2e3513d2ffd64c3b448de1ca01c8cfcea54a9a2b15607d985b132,99,legacy evidence quarantined; no research admission,complete byte hash
results/runs/maxrate_5seed_primary/repro_1_7_drift_4/harness_summary_drift_seed0.csv,8dde8a37fcbb35416e4f0aa487645312bcfb08e21bcc65f4645ce5e359676cca,116,legacy evidence quarantined; no research admission,complete byte hash
results/runs/maxrate_5seed_primary/repro_1_7_drift_4/results_drift_seed0.csv,39f6ba450e9cfbbd878d5a2e0d5376ad15d6c81dec292a575efb6c4b12a81f4e,3263419,legacy evidence quarantined; no research admission,complete byte hash
results/runs/maxrate_5seed_primary/repro_1_7_fixed_0/batch_latency_fixed_seed0.csv,33e00267e674c22fcc95b947ecc827d601ad9ca04ee0adba90f8d1bf6f7e91c9,7842,legacy evidence quarantined; no research admission,complete byte hash
results/runs/maxrate_5seed_primary/repro_1_7_fixed_0/harness_summary.csv,81aab555ef27701a7761fb7de2a6286adce43ff1ba096c1ca7d7b6d82b0a3e66,99,legacy evidence quarantined; no research admission,complete byte hash
results/runs/maxrate_5seed_primary/repro_1_7_fixed_0/harness_summary_fixed_seed0.csv,b5e4893fe1f8ad012c7723fd0042c28ab1806c5ee0696037ec1817f95c08eb81,116,legacy evidence quarantined; no research admission,complete byte hash
results/runs/maxrate_5seed_primary/repro_1_7_fixed_0/results_fixed_seed0.csv,63fad18f886b345b16fc3315251f6257e5d8d82025ce275d2b3ba51c8597875d,3266990,legacy evidence quarantined; no research admission,complete byte hash
results/runs/maxrate_5seed_primary/repro_1_7_fixed_1/batch_latency_fixed_seed0.csv,036cd74a3432c6a33559c6db95c97dbae8e6daef578a1383edd1bd365ee886a7,7766,legacy evidence quarantined; no research admission,complete byte hash
results/runs/maxrate_5seed_primary/repro_1_7_fixed_1/harness_summary.csv,f5f2aa17a5c47c2001e406c8800fad90ca48dac0d7996b7bdc2cba62334a5d31,99,legacy evidence quarantined; no research admission,complete byte hash
results/runs/maxrate_5seed_primary/repro_1_7_fixed_1/harness_summary_fixed_seed0.csv,b5e4893fe1f8ad012c7723fd0042c28ab1806c5ee0696037ec1817f95c08eb81,116,legacy evidence quarantined; no research admission,complete byte hash
results/runs/maxrate_5seed_primary/repro_1_7_fixed_1/results_fixed_seed0.csv,bfd1e26e04a4b8b339520efcc15803115e014c0a06956b676b29a98433bd8825,3247734,legacy evidence quarantined; no research admission,complete byte hash
results/runs/maxrate_5seed_primary/repro_1_7_fixed_2/batch_latency_fixed_seed0.csv,72c7a7b2d171c571597ef3eee010ab649fc7123c6c8bada25a459d863467b950,7883,legacy evidence quarantined; no research admission,complete byte hash
results/runs/maxrate_5seed_primary/repro_1_7_fixed_2/harness_summary.csv,f741ce4ce2b0463af4a1ca51475587043c4282c469ca146105d0dcc0a4b2fdd6,99,legacy evidence quarantined; no research admission,complete byte hash
results/runs/maxrate_5seed_primary/repro_1_7_fixed_2/harness_summary_fixed_seed0.csv,b5e4893fe1f8ad012c7723fd0042c28ab1806c5ee0696037ec1817f95c08eb81,116,legacy evidence quarantined; no research admission,complete byte hash
results/runs/maxrate_5seed_primary/repro_1_7_fixed_2/results_fixed_seed0.csv,5d32a7d9ce342509a4e65a8585963f44976a65134056794db38744ba2f3d064f,3285294,legacy evidence quarantined; no research admission,complete byte hash
results/runs/maxrate_5seed_primary/repro_1_7_fixed_3/batch_latency_fixed_seed0.csv,e4c23852a1c3c9691377d459e5ce2184a52a0cfa36e04b1d43ebe1408f0068fc,7720,legacy evidence quarantined; no research admission,complete byte hash
results/runs/maxrate_5seed_primary/repro_1_7_fixed_3/harness_summary.csv,c419d0e2be742a3473a92b87cb8e4aae39ff4954b5cce02184796d13bfe86314,99,legacy evidence quarantined; no research admission,complete byte hash
results/runs/maxrate_5seed_primary/repro_1_7_fixed_3/harness_summary_fixed_seed0.csv,b5e4893fe1f8ad012c7723fd0042c28ab1806c5ee0696037ec1817f95c08eb81,116,legacy evidence quarantined; no research admission,complete byte hash
results/runs/maxrate_5seed_primary/repro_1_7_fixed_3/results_fixed_seed0.csv,79cf31f10907d9a63fab5ce7d9b1cf7415f2c1049a2e9d764f01fe05b77cf2d4,3222296,legacy evidence quarantined; no research admission,complete byte hash
results/runs/maxrate_5seed_primary/repro_1_7_fixed_4/batch_latency_fixed_seed0.csv,cf3031fe171ab6e8a0e197f4a06a970784ff6144f744264dd9fd9be5bba576b0,7774,legacy evidence quarantined; no research admission,complete byte hash
results/runs/maxrate_5seed_primary/repro_1_7_fixed_4/harness_summary.csv,b4ea857a2ab668d9d9383d4abd03cdcf4a56ea8235c3a6684a77aa7f71c99544,100,legacy evidence quarantined; no research admission,complete byte hash
results/runs/maxrate_5seed_primary/repro_1_7_fixed_4/harness_summary_fixed_seed0.csv,b5e4893fe1f8ad012c7723fd0042c28ab1806c5ee0696037ec1817f95c08eb81,116,legacy evidence quarantined; no research admission,complete byte hash
results/runs/maxrate_5seed_primary/repro_1_7_fixed_4/results_fixed_seed0.csv,c898d0346dadafdb00c90c95ea86a69d33b5298855448a20b23bc4872b24bc1c,3286232,legacy evidence quarantined; no research admission,complete byte hash
results/runs/maxrate_5seed_primary/repro_1_7_ralf_0/batch_latency_ralf_seed0.csv,5d23cb5f1c913bbde24f5c856f697cfbf08a0dd0e3f9feb634e43090927911b4,439524,legacy evidence quarantined; no research admission,complete byte hash
results/runs/maxrate_5seed_primary/repro_1_7_ralf_0/harness_summary.csv,965e74ff526d8738c878d05e94b2216498dcbf37ef8a7639d09d110876245f02,98,legacy evidence quarantined; no research admission,complete byte hash
results/runs/maxrate_5seed_primary/repro_1_7_ralf_0/harness_summary_ralf_seed0.csv,11a0f8f1a76c01c6e5ee1d039603b307b0478e0821223f53b2edf98857d04c1a,115,legacy evidence quarantined; no research admission,complete byte hash
results/runs/maxrate_5seed_primary/repro_1_7_ralf_0/results_ralf_seed0.csv,3b8401cd91a5b85a3692dc65b826856203508bc5bf76095153337cfd4ab7dddf,1429789,legacy evidence quarantined; no research admission,complete byte hash
results/runs/maxrate_5seed_primary/repro_1_7_ralf_1/batch_latency_ralf_seed0.csv,9c660cbf2d15b3fcfbee26345b338dbf75d814975663ea7d6bd6bb8f0bac5f7e,440153,legacy evidence quarantined; no research admission,complete byte hash
results/runs/maxrate_5seed_primary/repro_1_7_ralf_1/harness_summary.csv,b8aca633fde8844f3b2f0c6f02f3d25c1125a843dfa19e2deba274b3acde1c67,98,legacy evidence quarantined; no research admission,complete byte hash
results/runs/maxrate_5seed_primary/repro_1_7_ralf_1/harness_summary_ralf_seed0.csv,11a0f8f1a76c01c6e5ee1d039603b307b0478e0821223f53b2edf98857d04c1a,115,legacy evidence quarantined; no research admission,complete byte hash
results/runs/maxrate_5seed_primary/repro_1_7_ralf_1/results_ralf_seed0.csv,2889385a6b306865a987fa2c73e555968ac50d25ccda1a23215af9ee8261e1f8,1439098,legacy evidence quarantined; no research admission,complete byte hash
results/runs/maxrate_5seed_primary/repro_1_7_ralf_2/batch_latency_ralf_seed0.csv,a068fd1bd59202f84162058ab590b16bd7b5573e828fbe11a6a0c62faf5f0a64,438143,legacy evidence quarantined; no research admission,complete byte hash
results/runs/maxrate_5seed_primary/repro_1_7_ralf_2/harness_summary.csv,4e90d97ae1d55d859126f4525758ce563e6f70c49dfd43b1effd9d9d70bba150,98,legacy evidence quarantined; no research admission,complete byte hash
results/runs/maxrate_5seed_primary/repro_1_7_ralf_2/harness_summary_ralf_seed0.csv,11a0f8f1a76c01c6e5ee1d039603b307b0478e0821223f53b2edf98857d04c1a,115,legacy evidence quarantined; no research admission,complete byte hash
results/runs/maxrate_5seed_primary/repro_1_7_ralf_2/results_ralf_seed0.csv,b21f96d669bd0bb6821d436dfc6e685f30669c3c92bcdc8e21ed0d4ce1b9497c,1443210,legacy evidence quarantined; no research admission,complete byte hash
results/runs/maxrate_5seed_primary/repro_1_7_ralf_3/batch_latency_ralf_seed0.csv,bf57d076d926ba04d6a8d7b6bc7ff04862aff72323ed571b693231d15cc23893,438922,legacy evidence quarantined; no research admission,complete byte hash
results/runs/maxrate_5seed_primary/repro_1_7_ralf_3/harness_summary.csv,c6c2ffc2481dac12ffb3b5ada800c50d792d2f6c07007688171072de2a64cd7e,98,legacy evidence quarantined; no research admission,complete byte hash
results/runs/maxrate_5seed_primary/repro_1_7_ralf_3/harness_summary_ralf_seed0.csv,11a0f8f1a76c01c6e5ee1d039603b307b0478e0821223f53b2edf98857d04c1a,115,legacy evidence quarantined; no research admission,complete byte hash
results/runs/maxrate_5seed_primary/repro_1_7_ralf_3/results_ralf_seed0.csv,16d1931b706060afd973030f2192d92f3fc04fa7ab5aa73af0c458288202b6a8,1437758,legacy evidence quarantined; no research admission,complete byte hash
results/runs/maxrate_5seed_primary/repro_1_7_ralf_4/batch_latency_ralf_seed0.csv,9f0e84b3cb6f4514beacad3e8ab444b3b23bfd8ede08068ed2c66f4d574c5e3b,434725,legacy evidence quarantined; no research admission,complete byte hash
results/runs/maxrate_5seed_primary/repro_1_7_ralf_4/harness_summary.csv,f2ad6991b63ca0701aee5c629a4b546980b8dece9d0e850fa28731fa3686c69b,98,legacy evidence quarantined; no research admission,complete byte hash
results/runs/maxrate_5seed_primary/repro_1_7_ralf_4/harness_summary_ralf_seed0.csv,11a0f8f1a76c01c6e5ee1d039603b307b0478e0821223f53b2edf98857d04c1a,115,legacy evidence quarantined; no research admission,complete byte hash
results/runs/maxrate_5seed_primary/repro_1_7_ralf_4/results_ralf_seed0.csv,2cf1b6c91da51712b386c349ea7b9867d3f274b8f47497b742177afc19eae4da,1461129,legacy evidence quarantined; no research admission,complete byte hash
results/runs/maxrate_5seed_primary/repro_1_7_throttle_0/batch_latency_throttle_seed0.csv,8f2637ff9b7f459e9d9e3ae92b60685dfaa94503812efeca033fef2aaa065634,7729,legacy evidence quarantined; no research admission,complete byte hash
results/runs/maxrate_5seed_primary/repro_1_7_throttle_0/harness_summary.csv,b8a395731badc56503eacfa1a6e88a535d87d43c4aaa5490556ef9c10885dc9d,102,legacy evidence quarantined; no research admission,complete byte hash
results/runs/maxrate_5seed_primary/repro_1_7_throttle_0/harness_summary_throttle_seed0.csv,bff3057178d596a0d4fd179d308aff7613ddc6ca338e12e866e47b5e3607d14d,119,legacy evidence quarantined; no research admission,complete byte hash
results/runs/maxrate_5seed_primary/repro_1_7_throttle_0/results_throttle_seed0.csv,e192f998baf8b95b3319488217ffa591cf5e0b70ce9c66667aa2cdff893c0ba8,3253148,legacy evidence quarantined; no research admission,complete byte hash
results/runs/maxrate_5seed_primary/repro_1_7_throttle_1/batch_latency_throttle_seed0.csv,3c2e4b5f0b1926a89863c34f5b86d0b5e72776a3bca63b20f68990f19440fe2f,7704,legacy evidence quarantined; no research admission,complete byte hash
results/runs/maxrate_5seed_primary/repro_1_7_throttle_1/harness_summary.csv,ff88d89b55189516f6132011c5b43c3438d96664c546ec8be20e83c2b5a693e7,102,legacy evidence quarantined; no research admission,complete byte hash
results/runs/maxrate_5seed_primary/repro_1_7_throttle_1/harness_summary_throttle_seed0.csv,bff3057178d596a0d4fd179d308aff7613ddc6ca338e12e866e47b5e3607d14d,119,legacy evidence quarantined; no research admission,complete byte hash
results/runs/maxrate_5seed_primary/repro_1_7_throttle_1/results_throttle_seed0.csv,458e66b39e362722563d256b49f9f4c2276699058cffca9f33096c71f2547505,3251352,legacy evidence quarantined; no research admission,complete byte hash
results/runs/maxrate_5seed_primary/repro_1_7_throttle_2/batch_latency_throttle_seed0.csv,0d10036c087885e491da843e3c582e3ee2f363c6b34b4888e23f05399e4e900e,7680,legacy evidence quarantined; no research admission,complete byte hash
results/runs/maxrate_5seed_primary/repro_1_7_throttle_2/harness_summary.csv,7a723fa8ff87c66f3b426c8f4273afd1762576777d3fdf5f7bc19bdae5d2ea45,102,legacy evidence quarantined; no research admission,complete byte hash
results/runs/maxrate_5seed_primary/repro_1_7_throttle_2/harness_summary_throttle_seed0.csv,bff3057178d596a0d4fd179d308aff7613ddc6ca338e12e866e47b5e3607d14d,119,legacy evidence quarantined; no research admission,complete byte hash
results/runs/maxrate_5seed_primary/repro_1_7_throttle_2/results_throttle_seed0.csv,9c8b51497338ca93618fa43109369e121b4fbbe063df5290971aeeee84375214,3184223,legacy evidence quarantined; no research admission,complete byte hash
results/runs/maxrate_5seed_primary/repro_1_7_throttle_3/batch_latency_throttle_seed0.csv,046209ead1b6b30451e7ba4eac2917a607c8bd83310ea79f08eea8050d3a25e8,7791,legacy evidence quarantined; no research admission,complete byte hash
results/runs/maxrate_5seed_primary/repro_1_7_throttle_3/harness_summary.csv,772e9eb74731d27874b8df75b1393fae892a392d16f7be029241dc767c2441d9,102,legacy evidence quarantined; no research admission,complete byte hash
results/runs/maxrate_5seed_primary/repro_1_7_throttle_3/harness_summary_throttle_seed0.csv,bff3057178d596a0d4fd179d308aff7613ddc6ca338e12e866e47b5e3607d14d,119,legacy evidence quarantined; no research admission,complete byte hash
results/runs/maxrate_5seed_primary/repro_1_7_throttle_3/results_throttle_seed0.csv,b3cfd5daaadb94c21a77b85f2684db6a6ada663263cdc339200fba1096389653,3275459,legacy evidence quarantined; no research admission,complete byte hash
results/runs/maxrate_5seed_primary/repro_1_7_throttle_4/batch_latency_throttle_seed0.csv,c614979b9a9e3ac3243b1c46218eea4e2d7d1aa987eb07da1b214b7248d6b843,7691,legacy evidence quarantined; no research admission,complete byte hash
results/runs/maxrate_5seed_primary/repro_1_7_throttle_4/harness_summary.csv,12df6a241a92d29ac905c440f9ce4a5b808befa9ea78bd437ed5eebba7d6a82c,102,legacy evidence quarantined; no research admission,complete byte hash
results/runs/maxrate_5seed_primary/repro_1_7_throttle_4/harness_summary_throttle_seed0.csv,bff3057178d596a0d4fd179d308aff7613ddc6ca338e12e866e47b5e3607d14d,119,legacy evidence quarantined; no research admission,complete byte hash
results/runs/maxrate_5seed_primary/repro_1_7_throttle_4/results_throttle_seed0.csv,d59b9979d7ec6ef6209eeb3abe184faf26c2ffa4c0892f2a627850099c7f214f,3240966,legacy evidence quarantined; no research admission,complete byte hash
results/runs/maxrate_5seed_primary/results_adaptive_seed0.csv,5ec955d420bf56f87f470cfbb88876ba06d776d4f28c3690ea46d876d702245e,82801737,legacy evidence quarantined; no research admission,complete byte hash
results/runs/maxrate_5seed_primary/results_adaptive_seed1.csv,17f4f226d30fa9f7a51ccd0fdc62c21e3f918559bfec6a925c9b190c4b5d6c88,82054761,legacy evidence quarantined; no research admission,complete byte hash
results/runs/maxrate_5seed_primary/results_adaptive_seed2.csv,4fea283c6e15763752185bba5cf93ca293667e7ce770b1b8f4d5bcc7040dfd46,81686115,legacy evidence quarantined; no research admission,complete byte hash
results/runs/maxrate_5seed_primary/results_adaptive_seed3.csv,733936f811d6b0258310f4ca4d8051ac2c2e814fa9f5a538d97ced13df50857a,81841073,legacy evidence quarantined; no research admission,complete byte hash
results/runs/maxrate_5seed_primary/results_adaptive_seed4.csv,a5ffc3651e562e416fef4c6ac094c0a812c2558c82e2ff3d58c1355b3de3c3d8,81357834,legacy evidence quarantined; no research admission,complete byte hash
results/runs/maxrate_5seed_primary/results_aonly_seed0.csv,5f6a643f783bf08d8110ec6e8bf2592c84e901c3781b03f136299335d848342d,76190123,legacy evidence quarantined; no research admission,complete byte hash
results/runs/maxrate_5seed_primary/results_aonly_seed1.csv,5812a5e5bd9b4e222261b7a53a83822674beff4a6cfaa8ed630f2f45b882b77f,76379845,legacy evidence quarantined; no research admission,complete byte hash
results/runs/maxrate_5seed_primary/results_aonly_seed2.csv,0332a78e83900a6f128b5145178c56d785654a08e0100307156f580ef373c0d3,76008405,legacy evidence quarantined; no research admission,complete byte hash
results/runs/maxrate_5seed_primary/results_aonly_seed3.csv,ef283fbcdb1271d7d449e906e580503d71624ae5d10b993f426fe32812c87c82,76060248,legacy evidence quarantined; no research admission,complete byte hash
results/runs/maxrate_5seed_primary/results_aonly_seed4.csv,807b736056b37220911b04cb227a05dbe2a402a6cb0d9da4c73ed29e13b032ab,75666102,legacy evidence quarantined; no research admission,complete byte hash
results/runs/maxrate_5seed_primary/results_bonly_seed0.csv,f772200cc7a2b694bdadc3c31bd7d75c8af10bce6cad0eadca03374b294d813c,73172813,legacy evidence quarantined; no research admission,complete byte hash
results/runs/maxrate_5seed_primary/results_bonly_seed1.csv,0ee8ec2a6b7694db7b2d339888c9891147aa108524891402780145d9e2586d5c,73584541,legacy evidence quarantined; no research admission,complete byte hash
results/runs/maxrate_5seed_primary/results_bonly_seed2.csv,3cbc44b67f02517f22e4e77dc128de5b06e38aa0fa75a2de304169bfbeb26583,73246992,legacy evidence quarantined; no research admission,complete byte hash
results/runs/maxrate_5seed_primary/results_bonly_seed3.csv,78f00607fb136c30f242d5875b706b253450c6147bd41c65d95d65fd63e74751,73184453,legacy evidence quarantined; no research admission,complete byte hash
results/runs/maxrate_5seed_primary/results_bonly_seed4.csv,bda171762798cee6e4e9cc19d6b4213dc0b7688c336b5f9a7a08a2a4b1a2104a,72801268,legacy evidence quarantined; no research admission,complete byte hash
results/runs/maxrate_5seed_primary/results_drift_seed0.csv,4bef70f8eecd2464b87c72065a4da55f8238d881d9a83fddfe59743d4e458ea5,85385511,legacy evidence quarantined; no research admission,complete byte hash
results/runs/maxrate_5seed_primary/results_drift_seed1.csv,0c06baa2bc50d5838f5e0d6e00af54ae9b68b7660de4acc93488abc181876cbf,68780966,legacy evidence quarantined; no research admission,complete byte hash
results/runs/maxrate_5seed_primary/results_drift_seed2.csv,7cb99ae68943df33202b258e6d3831795aa5736fb2a71cb27466d6cfbeeb0b73,68503095,legacy evidence quarantined; no research admission,complete byte hash
results/runs/maxrate_5seed_primary/results_drift_seed3.csv,c0f8e5f42faeb3f0d018bce12bc1a9281de59a3cf03b331a634f8c82dd269884,68640068,legacy evidence quarantined; no research admission,complete byte hash
results/runs/maxrate_5seed_primary/results_drift_seed4.csv,6f08b31cfb2799b26a0757994dc2a7b54384a9fee6ba37594122b2200d5ca48b,68166867,legacy evidence quarantined; no research admission,complete byte hash
results/runs/maxrate_5seed_primary/results_fixed_seed0.csv,a4a6c059e914cb28f786689311c516d82372fd50d632aee732282022bf12e5f0,66665797,legacy evidence quarantined; no research admission,complete byte hash
results/runs/maxrate_5seed_primary/results_fixed_seed1.csv,f13e86cc64ffda54c7db49a378d98decc79eaee4dbfe0fc8bae250a9e2f45f66,68662419,legacy evidence quarantined; no research admission,complete byte hash
results/runs/maxrate_5seed_primary/results_fixed_seed2.csv,af067b84b9ae61a5b4ae4b7f8b496f46b292b6df9fde0ad2ec86e3f4650a1854,68262159,legacy evidence quarantined; no research admission,complete byte hash
results/runs/maxrate_5seed_primary/results_fixed_seed3.csv,2d6f8e8859f2f0a28eb26c316bca96ca79d716684d07ac7cab401a6e373c65fd,68286243,legacy evidence quarantined; no research admission,complete byte hash
results/runs/maxrate_5seed_primary/results_fixed_seed4.csv,1defacecbdbc746f6c1276dee492b5e5d1dea9462a56764471265e6fe0a1618a,68227666,legacy evidence quarantined; no research admission,complete byte hash
results/runs/maxrate_5seed_primary/results_ralf_seed0.csv,6da24b5d55ffe0ecc76c195fb10f3d5401e89dd2bfdc94e72d7074ae53213c7a,32467769,legacy evidence quarantined; no research admission,complete byte hash
results/runs/maxrate_5seed_primary/results_ralf_seed1.csv,a7d2b720462e54d4f6670009f850844391e459d3e6f99d3e9fb33d68a496bb62,32398038,legacy evidence quarantined; no research admission,complete byte hash
results/runs/maxrate_5seed_primary/results_ralf_seed2.csv,094292eaa0d1889d1dec39bb4894f75c2432488e8b7d07051cffa33215baf244,32297173,legacy evidence quarantined; no research admission,complete byte hash
results/runs/maxrate_5seed_primary/results_ralf_seed3.csv,c9cc7224baabb8b59286312f56c5070f21a2957fd0f53a15e62edd6b560e3891,32321400,legacy evidence quarantined; no research admission,complete byte hash
results/runs/maxrate_5seed_primary/results_ralf_seed4.csv,1a909161bf0300d06d5bcaa6ea57ad5ce9e8e05ee214eb4c1accc88753128652,32234211,legacy evidence quarantined; no research admission,complete byte hash
results/runs/maxrate_5seed_primary/results_throttle_seed0.csv,dabfa22a0cb222bc7c3587b134a1bcf6410e737428e249bca8a2ea7cfc4590f2,68462115,legacy evidence quarantined; no research admission,complete byte hash
results/runs/maxrate_5seed_primary/results_throttle_seed1.csv,f472a9c8e1e0699d4de3bc8d8666cce4b8706e0f77601b2b3eae57d738435d36,68616456,legacy evidence quarantined; no research admission,complete byte hash
results/runs/maxrate_5seed_primary/results_throttle_seed2.csv,d56e049f33ccfc6076800edc8cb27140c71c5f6434b82a962c98ca5a754bbc0d,68558145,legacy evidence quarantined; no research admission,complete byte hash
results/runs/maxrate_5seed_primary/results_throttle_seed3.csv,750a915bd5062485759a8c7f6441477f0ddcac880c1ad2d04ba71b2d5877fc2c,68533340,legacy evidence quarantined; no research admission,complete byte hash
results/runs/maxrate_5seed_primary/results_throttle_seed4.csv,7166280e8b19e96bb70b983abc9154b19703426a0873b8491e861344b9be39de,67733823,legacy evidence quarantined; no research admission,complete byte hash
results/runs/maxrate_5seed_primary/run.csv,0732aea6d83a966c7b15827a4c124f35811c512561a24b9cd272f1598bd20622,7387350,legacy evidence quarantined; no research admission,complete byte hash
results/runs/maxrate_5seed_primary/smoke_adaptive.csv,3c5a4e4cc9cb488fee5929d5dbc69c420b579f9790c223e209681d5e9019eb3f,2604375,legacy evidence quarantined; no research admission,complete byte hash
results/runs/maxrate_5seed_primary/trace_adaptive_seed0.csv,27dcc96202482f300d4b92bc2ee6b9af9f72bb90c72267aeab2b10690ec8b2b1,26,legacy evidence quarantined; no research admission,complete byte hash
results/runs/maxrate_5seed_primary/trace_adaptive_seed1.csv,d614cd96d09b45e54f39a5f3057c370e0a313b7c7ac99c2ab0f87def27c57933,119,legacy evidence quarantined; no research admission,complete byte hash
results/runs/maxrate_5seed_primary/trace_adaptive_seed2.csv,8a3c23568ef5ce2ced75827467c34a3d0752f03f1c1e9d9ebd90a4cef71865a7,120,legacy evidence quarantined; no research admission,complete byte hash
results/runs/maxrate_5seed_primary/trace_adaptive_seed3.csv,98c784b48354d06377eebd4d274bbb0684180f776f28d1b921d4590f155ffdcc,119,legacy evidence quarantined; no research admission,complete byte hash
results/runs/maxrate_5seed_primary/trace_adaptive_seed4.csv,c91f8f4adba221fda98840b7eb948775b9226bb7264a151ecba2a4bc15513bf9,119,legacy evidence quarantined; no research admission,complete byte hash
results/runs/maxrate_5seed_primary/trace_aonly_seed0.csv,186732a592b519743725b8fabc814b3fc4da5d338aa99b67cb329e7378724ab2,112,legacy evidence quarantined; no research admission,complete byte hash
results/runs/maxrate_5seed_primary/trace_aonly_seed1.csv,4712e4d76a8a349303a9d48665a36ceb4e5d753923aa1959a86eebe23c2121b8,115,legacy evidence quarantined; no research admission,complete byte hash
results/runs/maxrate_5seed_primary/trace_aonly_seed2.csv,30204fd15f5cd29640a565345113ed49eb4de72ca8b99ba77c18aec134ab6d68,112,legacy evidence quarantined; no research admission,complete byte hash
results/runs/maxrate_5seed_primary/trace_aonly_seed3.csv,dc5cd50751e1f5300cb941c6d7cffc0a3ec35b8a9787e19ac38ecb4ba605abb1,112,legacy evidence quarantined; no research admission,complete byte hash
results/runs/maxrate_5seed_primary/trace_aonly_seed4.csv,43e1bcaf4e3f4c508c40dfe94525bac6c07249f06797b921435167a38e8be093,115,legacy evidence quarantined; no research admission,complete byte hash
results/runs/maxrate_5seed_primary/trace_bonly_seed0.csv,3946eec9a198ef9a6627c61112cf28ca1cd3f360d650ac6c95f1069bcc1aceb0,120,legacy evidence quarantined; no research admission,complete byte hash
results/runs/maxrate_5seed_primary/trace_bonly_seed1.csv,db5f459aacad4b28fd596113c96f7d0c8e12eb216b56d824f14236d566e30168,120,legacy evidence quarantined; no research admission,complete byte hash
results/runs/maxrate_5seed_primary/trace_bonly_seed2.csv,7158a4d79f51879784ff61169b0f2c0c53c2930cfe025dd43bb6d894a371312e,120,legacy evidence quarantined; no research admission,complete byte hash
results/runs/maxrate_5seed_primary/trace_bonly_seed3.csv,677d692f2d76f635681c55c9b181a1bace91caa51e7e04fe5238eccaa1778122,120,legacy evidence quarantined; no research admission,complete byte hash
results/runs/maxrate_5seed_primary/trace_bonly_seed4.csv,91b299c6cd4b7f1566a6f7327ee8b1ce0b80551fac5624fb9ac0fa2b4c29e0c4,120,legacy evidence quarantined; no research admission,complete byte hash
results/runs/maxrate_5seed_primary/trace_drift_seed0.csv,8dde8a37fcbb35416e4f0aa487645312bcfb08e21bcc65f4645ce5e359676cca,116,legacy evidence quarantined; no research admission,complete byte hash
results/runs/maxrate_5seed_primary/trace_drift_seed1.csv,b6af7e6838ee0ac05d2fc94658dce23525cd9d799f9e3b5d9bdbab97b7cc27c0,116,legacy evidence quarantined; no research admission,complete byte hash
results/runs/maxrate_5seed_primary/trace_drift_seed2.csv,f5992239baadcc69be456ea34120dff8c26833448a26e0d70f8016dcb94c6836,116,legacy evidence quarantined; no research admission,complete byte hash
results/runs/maxrate_5seed_primary/trace_drift_seed3.csv,e0ad0af61f47ec6c61229d7f4962c80213ab84af0293cfaa72878a5b9486d270,116,legacy evidence quarantined; no research admission,complete byte hash
results/runs/maxrate_5seed_primary/trace_drift_seed4.csv,d15f705727fb10f4e3a4f0fa1d025e353123690e6205c9c51efe8f1fbc14ece1,116,legacy evidence quarantined; no research admission,complete byte hash
results/runs/maxrate_5seed_primary/trace_fixed_seed0.csv,b5e4893fe1f8ad012c7723fd0042c28ab1806c5ee0696037ec1817f95c08eb81,116,legacy evidence quarantined; no research admission,complete byte hash
results/runs/maxrate_5seed_primary/trace_fixed_seed1.csv,c623b4ce6ff2d3ffb50b61b82935567f37087a0cdf2868b05bd2d45599f5cf0d,116,legacy evidence quarantined; no research admission,complete byte hash
results/runs/maxrate_5seed_primary/trace_fixed_seed2.csv,644fb1296cd229a6625a3725af191503fb89756b113d763bd267295e71b0d2cf,116,legacy evidence quarantined; no research admission,complete byte hash
results/runs/maxrate_5seed_primary/trace_fixed_seed3.csv,930aa187b1aa43fa7b17ff030808e7fbcf2e0225e4cf39205d71df1c8f06d3ed,116,legacy evidence quarantined; no research admission,complete byte hash
results/runs/maxrate_5seed_primary/trace_fixed_seed4.csv,8f8cb2f56086f01cfd0fcc19bdf9d4cb50b2eba1c8e67ca1881ee7e18cd8e4ab,116,legacy evidence quarantined; no research admission,complete byte hash
results/runs/maxrate_5seed_primary/trace_ralf_seed0.csv,11a0f8f1a76c01c6e5ee1d039603b307b0478e0821223f53b2edf98857d04c1a,115,legacy evidence quarantined; no research admission,complete byte hash
results/runs/maxrate_5seed_primary/trace_ralf_seed1.csv,289de6752eabce155c4b9e902c19dd8b731a348de6ab786461d6c18e090333eb,115,legacy evidence quarantined; no research admission,complete byte hash
results/runs/maxrate_5seed_primary/trace_ralf_seed2.csv,ced5dee958d04b6537352f1304f111613d061afe722b6783873e0ecd09700987,115,legacy evidence quarantined; no research admission,complete byte hash
results/runs/maxrate_5seed_primary/trace_ralf_seed3.csv,f2350605376b9a5e6c2f5611e77e2c71568a72d97962edb1f5c81fe00fbd7d20,115,legacy evidence quarantined; no research admission,complete byte hash
results/runs/maxrate_5seed_primary/trace_ralf_seed4.csv,4d3aa2afc3f2a5af4cae83c75aab56d961b54089ea759e801e427a6601fce079,115,legacy evidence quarantined; no research admission,complete byte hash
results/runs/maxrate_5seed_primary/trace_throttle_seed0.csv,bff3057178d596a0d4fd179d308aff7613ddc6ca338e12e866e47b5e3607d14d,119,legacy evidence quarantined; no research admission,complete byte hash
results/runs/maxrate_5seed_primary/trace_throttle_seed1.csv,e657b92ee412bdbdee95735bb3e1d20445c9cf4d2bec1530c70357d1eb5fc1d1,119,legacy evidence quarantined; no research admission,complete byte hash
results/runs/maxrate_5seed_primary/trace_throttle_seed2.csv,4412470a579f35394e2b8619f70b5d46d1ea428887bc7b7554df3a3ee733f5dc,119,legacy evidence quarantined; no research admission,complete byte hash
results/runs/maxrate_5seed_primary/trace_throttle_seed3.csv,14c125b1263b0a68886766f24e7d3c9b935713838c21a579bf776ad3a989f9f5,119,legacy evidence quarantined; no research admission,complete byte hash
results/runs/maxrate_5seed_primary/trace_throttle_seed4.csv,452594981d0c283f552c3e336f1a9a6cd4d3d110efdcccfa72acbaae0b7a50e6,119,legacy evidence quarantined; no research admission,complete byte hash
results/runs/maxrate_alt/harness_summary.csv,1a14f53aacc5f3aadf5c8ce467513586a10b38b13c986c3782f779bc81c0f959,767,legacy evidence quarantined; no research admission,complete byte hash
results/runs/maxrate_alt/harness_summary_adaptive_seed0.csv,ade43530eccd97bd0b96cb40a02d3d5bb7f86663578439f1f76c58a74f06d2a4,119,legacy evidence quarantined; no research admission,complete byte hash
results/runs/maxrate_alt/harness_summary_adaptive_seed1.csv,4f0afc25207f20156491844b023347c151d779c35de5468934f2e7e237bda96b,120,legacy evidence quarantined; no research admission,complete byte hash
results/runs/maxrate_alt/harness_summary_adaptive_seed2.csv,6e6bb5c746ebf46c3b94f2ea1d12ff199431d8b0e0bca24a51f7230fc5bef837,119,legacy evidence quarantined; no research admission,complete byte hash
results/runs/maxrate_alt/harness_summary_aonly_seed0.csv,2c5fda481cc0550f52a5ce41230147251565b9208d515ffa2b4c519fa92103e2,114,legacy evidence quarantined; no research admission,complete byte hash
results/runs/maxrate_alt/harness_summary_aonly_seed1.csv,4712e4d76a8a349303a9d48665a36ceb4e5d753923aa1959a86eebe23c2121b8,115,legacy evidence quarantined; no research admission,complete byte hash
results/runs/maxrate_alt/harness_summary_aonly_seed2.csv,30204fd15f5cd29640a565345113ed49eb4de72ca8b99ba77c18aec134ab6d68,112,legacy evidence quarantined; no research admission,complete byte hash
results/runs/maxrate_alt/harness_summary_bonly_seed0.csv,3946eec9a198ef9a6627c61112cf28ca1cd3f360d650ac6c95f1069bcc1aceb0,120,legacy evidence quarantined; no research admission,complete byte hash
results/runs/maxrate_alt/harness_summary_bonly_seed1.csv,db5f459aacad4b28fd596113c96f7d0c8e12eb216b56d824f14236d566e30168,120,legacy evidence quarantined; no research admission,complete byte hash
results/runs/maxrate_alt/harness_summary_bonly_seed2.csv,7158a4d79f51879784ff61169b0f2c0c53c2930cfe025dd43bb6d894a371312e,120,legacy evidence quarantined; no research admission,complete byte hash
results/runs/maxrate_alt/harness_summary_drift_seed0.csv,8dde8a37fcbb35416e4f0aa487645312bcfb08e21bcc65f4645ce5e359676cca,116,legacy evidence quarantined; no research admission,complete byte hash
results/runs/maxrate_alt/harness_summary_drift_seed1.csv,b6af7e6838ee0ac05d2fc94658dce23525cd9d799f9e3b5d9bdbab97b7cc27c0,116,legacy evidence quarantined; no research admission,complete byte hash
results/runs/maxrate_alt/harness_summary_drift_seed2.csv,f5992239baadcc69be456ea34120dff8c26833448a26e0d70f8016dcb94c6836,116,legacy evidence quarantined; no research admission,complete byte hash
results/runs/maxrate_alt/harness_summary_fixed_seed0.csv,b5e4893fe1f8ad012c7723fd0042c28ab1806c5ee0696037ec1817f95c08eb81,116,legacy evidence quarantined; no research admission,complete byte hash
results/runs/maxrate_alt/harness_summary_fixed_seed1.csv,c623b4ce6ff2d3ffb50b61b82935567f37087a0cdf2868b05bd2d45599f5cf0d,116,legacy evidence quarantined; no research admission,complete byte hash
results/runs/maxrate_alt/harness_summary_fixed_seed2.csv,644fb1296cd229a6625a3725af191503fb89756b113d763bd267295e71b0d2cf,116,legacy evidence quarantined; no research admission,complete byte hash
results/runs/maxrate_alt/harness_summary_ralf_seed0.csv,11a0f8f1a76c01c6e5ee1d039603b307b0478e0821223f53b2edf98857d04c1a,115,legacy evidence quarantined; no research admission,complete byte hash
results/runs/maxrate_alt/harness_summary_ralf_seed1.csv,289de6752eabce155c4b9e902c19dd8b731a348de6ab786461d6c18e090333eb,115,legacy evidence quarantined; no research admission,complete byte hash
results/runs/maxrate_alt/harness_summary_ralf_seed2.csv,ced5dee958d04b6537352f1304f111613d061afe722b6783873e0ecd09700987,115,legacy evidence quarantined; no research admission,complete byte hash
results/runs/maxrate_alt/harness_summary_throttle_seed0.csv,bff3057178d596a0d4fd179d308aff7613ddc6ca338e12e866e47b5e3607d14d,119,legacy evidence quarantined; no research admission,complete byte hash
results/runs/maxrate_alt/harness_summary_throttle_seed1.csv,e657b92ee412bdbdee95735bb3e1d20445c9cf4d2bec1530c70357d1eb5fc1d1,119,legacy evidence quarantined; no research admission,complete byte hash
results/runs/maxrate_alt/harness_summary_throttle_seed2.csv,4412470a579f35394e2b8619f70b5d46d1ea428887bc7b7554df3a3ee733f5dc,119,legacy evidence quarantined; no research admission,complete byte hash
results/runs/maxrate_alt/results_adaptive_seed0.csv,2fa028a9ac57921d213f90db648cab2c308cefe131687ebd2f5f4d2f6f8e4ffc,75212847,legacy evidence quarantined; no research admission,complete byte hash
results/runs/maxrate_alt/results_adaptive_seed1.csv,56d30c47db025445dcd72a0c517dfa57285d63059ad6c96601e7873b7f48164c,75324925,legacy evidence quarantined; no research admission,complete byte hash
results/runs/maxrate_alt/results_adaptive_seed2.csv,1c638a370cdda381c675a9cc1b23ef78201b0abf6e1111f284479e506ec49a79,75214862,legacy evidence quarantined; no research admission,complete byte hash
results/runs/maxrate_alt/results_aonly_seed0.csv,5b1ecdac0606e2958a90f5612622cda59aeca1203f6d18b36af38377bf5383e3,69409009,legacy evidence quarantined; no research admission,complete byte hash
results/runs/maxrate_alt/results_aonly_seed1.csv,50543c1b327ef2ef5528f5b29716e7e4ee88c87de02059f315d7b3f94ae8d2c2,69567402,legacy evidence quarantined; no research admission,complete byte hash
results/runs/maxrate_alt/results_aonly_seed2.csv,d5a804e3cb1bd8a8b46da56d7a6aabc0695e490a999035a198e572f599e9d3b1,69441278,legacy evidence quarantined; no research admission,complete byte hash
results/runs/maxrate_alt/results_bonly_seed0.csv,9435e18c4546a16c9f0ed2546904c1e7033889f82a2cd808b45f71676bb681c9,66579432,legacy evidence quarantined; no research admission,complete byte hash
results/runs/maxrate_alt/results_bonly_seed1.csv,e4ce11260ba452625dcbd9e085586814c65099585d29a8cb13008abeee44edb6,66587538,legacy evidence quarantined; no research admission,complete byte hash
results/runs/maxrate_alt/results_bonly_seed2.csv,c01e30bfa9f79c61d7fa39d61559409e48ab0a1f4f24e239ba8db01027de78e8,66703078,legacy evidence quarantined; no research admission,complete byte hash
results/runs/maxrate_alt/results_drift_seed0.csv,20af5a0865ab6228b343a9c62e917e2276a084cc58c9ccc80d0fcfa1397902b5,61765745,legacy evidence quarantined; no research admission,complete byte hash
results/runs/maxrate_alt/results_drift_seed1.csv,38e9a88fbc7fa667acdaa48e09312663acb1e44ba6214a6116ff135a01eb27a5,61869186,legacy evidence quarantined; no research admission,complete byte hash
results/runs/maxrate_alt/results_drift_seed2.csv,501ca406346f9dd6986454d414e2aee1f5173ef7314e9f484e9c33762405f2b5,61953328,legacy evidence quarantined; no research admission,complete byte hash
results/runs/maxrate_alt/results_fixed_seed0.csv,defb967b3f5115ebbe8a670919d4dc0f2da92f573b0f1bfad2909215258a2e30,61658077,legacy evidence quarantined; no research admission,complete byte hash
results/runs/maxrate_alt/results_fixed_seed1.csv,e9f7e6c461b1a6e8bb4cfcfd0632b2f20b23e37405429b9611efcb17d2e105af,61662839,legacy evidence quarantined; no research admission,complete byte hash
results/runs/maxrate_alt/results_fixed_seed2.csv,0955b8137508223260d0351f63eff1ac23d930409735dcee891df8e9c8880da4,61726144,legacy evidence quarantined; no research admission,complete byte hash
results/runs/maxrate_alt/results_ralf_seed0.csv,e86e36c94d2d0098a201f60a541a7de382d2549a16a96003b151b53343714274,29833675,legacy evidence quarantined; no research admission,complete byte hash
results/runs/maxrate_alt/results_ralf_seed1.csv,5098593b96fec9a3257698061695b7e16c27f5d75d7cd2de470ea62997174451,29833359,legacy evidence quarantined; no research admission,complete byte hash
results/runs/maxrate_alt/results_ralf_seed2.csv,8b06e1632b223406c5d87937210df9c07579a24c7d4f7352bda86dc9fe555ef1,29824667,legacy evidence quarantined; no research admission,complete byte hash
results/runs/maxrate_alt/results_throttle_seed0.csv,c463e5e4af8cdce02191c8848f68388eac8ac2d4b97d95286f95afd531351536,61815782,legacy evidence quarantined; no research admission,complete byte hash
results/runs/maxrate_alt/results_throttle_seed1.csv,c90442f8b33badafe1b91f7e5a7f7f71fd535d43de4a1c6f651a2a1877eae348,61721720,legacy evidence quarantined; no research admission,complete byte hash
results/runs/maxrate_alt/results_throttle_seed2.csv,614594ceb6548cbb3fe1fc8ab0fd8f4f35242fd2ad683f94ddfdd370160be60f,61720257,legacy evidence quarantined; no research admission,complete byte hash
results/runs/maxrate_alt/trace_adaptive_seed0.csv,27dcc96202482f300d4b92bc2ee6b9af9f72bb90c72267aeab2b10690ec8b2b1,26,legacy evidence quarantined; no research admission,complete byte hash
results/runs/stress_v1_broken/harness_summary.csv,dffc3f1dd69c452dcf6648b3e05160774200c10cc0780a37bf502261a36b045e,794,legacy evidence quarantined; no research admission,complete byte hash
results/runs/stress_v1_broken/harness_summary_adaptive_seed0.csv,20864e113271eb987a05861b1299fdc4bfd2a74d2c42b67c14f4d012841befee,121,legacy evidence quarantined; no research admission,complete byte hash
results/runs/stress_v1_broken/harness_summary_adaptive_seed1.csv,c9c03425887d4edd47d2121a80102d9834d15e2f78f295d87dadc9848623ca19,121,legacy evidence quarantined; no research admission,complete byte hash
results/runs/stress_v1_broken/harness_summary_adaptive_seed2.csv,002d9f66544d4bb143d5a298c8821fdbbe59f20a1b51e37078f0b63ca24971ea,121,legacy evidence quarantined; no research admission,complete byte hash
results/runs/stress_v1_broken/harness_summary_aonly_seed0.csv,2c5fda481cc0550f52a5ce41230147251565b9208d515ffa2b4c519fa92103e2,114,legacy evidence quarantined; no research admission,complete byte hash
results/runs/stress_v1_broken/harness_summary_aonly_seed1.csv,52e66c7c31706f2faac1da32c588a3da93962bcdf711fc85a42c826b8bc086ab,114,legacy evidence quarantined; no research admission,complete byte hash
results/runs/stress_v1_broken/harness_summary_aonly_seed2.csv,48a37cba600817333ce57b7b981966e8d8123227007a4108fe2566c486936cc0,114,legacy evidence quarantined; no research admission,complete byte hash
results/runs/stress_v1_broken/harness_summary_bonly_seed0.csv,3946eec9a198ef9a6627c61112cf28ca1cd3f360d650ac6c95f1069bcc1aceb0,120,legacy evidence quarantined; no research admission,complete byte hash
results/runs/stress_v1_broken/harness_summary_bonly_seed1.csv,db5f459aacad4b28fd596113c96f7d0c8e12eb216b56d824f14236d566e30168,120,legacy evidence quarantined; no research admission,complete byte hash
results/runs/stress_v1_broken/harness_summary_bonly_seed2.csv,7158a4d79f51879784ff61169b0f2c0c53c2930cfe025dd43bb6d894a371312e,120,legacy evidence quarantined; no research admission,complete byte hash
results/runs/stress_v1_broken/harness_summary_drift_seed0.csv,8dde8a37fcbb35416e4f0aa487645312bcfb08e21bcc65f4645ce5e359676cca,116,legacy evidence quarantined; no research admission,complete byte hash
results/runs/stress_v1_broken/harness_summary_drift_seed1.csv,b6af7e6838ee0ac05d2fc94658dce23525cd9d799f9e3b5d9bdbab97b7cc27c0,116,legacy evidence quarantined; no research admission,complete byte hash
results/runs/stress_v1_broken/harness_summary_drift_seed2.csv,f5992239baadcc69be456ea34120dff8c26833448a26e0d70f8016dcb94c6836,116,legacy evidence quarantined; no research admission,complete byte hash
results/runs/stress_v1_broken/harness_summary_fixed_seed0.csv,b5e4893fe1f8ad012c7723fd0042c28ab1806c5ee0696037ec1817f95c08eb81,116,legacy evidence quarantined; no research admission,complete byte hash
results/runs/stress_v1_broken/harness_summary_fixed_seed1.csv,c623b4ce6ff2d3ffb50b61b82935567f37087a0cdf2868b05bd2d45599f5cf0d,116,legacy evidence quarantined; no research admission,complete byte hash
results/runs/stress_v1_broken/harness_summary_fixed_seed2.csv,644fb1296cd229a6625a3725af191503fb89756b113d763bd267295e71b0d2cf,116,legacy evidence quarantined; no research admission,complete byte hash
results/runs/stress_v1_broken/harness_summary_ralf_seed0.csv,11a0f8f1a76c01c6e5ee1d039603b307b0478e0821223f53b2edf98857d04c1a,115,legacy evidence quarantined; no research admission,complete byte hash
results/runs/stress_v1_broken/harness_summary_ralf_seed1.csv,289de6752eabce155c4b9e902c19dd8b731a348de6ab786461d6c18e090333eb,115,legacy evidence quarantined; no research admission,complete byte hash
results/runs/stress_v1_broken/harness_summary_ralf_seed2.csv,ced5dee958d04b6537352f1304f111613d061afe722b6783873e0ecd09700987,115,legacy evidence quarantined; no research admission,complete byte hash
results/runs/stress_v1_broken/harness_summary_throttle_seed0.csv,bff3057178d596a0d4fd179d308aff7613ddc6ca338e12e866e47b5e3607d14d,119,legacy evidence quarantined; no research admission,complete byte hash
results/runs/stress_v1_broken/harness_summary_throttle_seed1.csv,e657b92ee412bdbdee95735bb3e1d20445c9cf4d2bec1530c70357d1eb5fc1d1,119,legacy evidence quarantined; no research admission,complete byte hash
results/runs/stress_v1_broken/harness_summary_throttle_seed2.csv,4412470a579f35394e2b8619f70b5d46d1ea428887bc7b7554df3a3ee733f5dc,119,legacy evidence quarantined; no research admission,complete byte hash
results/runs/stress_v1_broken/results_adaptive_seed0.csv,7014a7a0f5040c5b4e70c5200fadd2a6a253227c72e07971825701a98d0cb1df,72604671,legacy evidence quarantined; no research admission,complete byte hash
results/runs/stress_v1_broken/results_adaptive_seed1.csv,ce07bb972dfbc67b955789fd2427cb59dcc03a336d196ec6d599b2573dcb1bbd,72615916,legacy evidence quarantined; no research admission,complete byte hash
results/runs/stress_v1_broken/results_adaptive_seed2.csv,2ab93faabbbb91add79a34f6ae069b4c067f0345f603cd098164e547b22cc700,72587255,legacy evidence quarantined; no research admission,complete byte hash
results/runs/stress_v1_broken/results_aonly_seed0.csv,96311c044fc2c3f27cb977380479f3fd9f6a78703f215e1cc9216f3f295ac3f1,68615783,legacy evidence quarantined; no research admission,complete byte hash
results/runs/stress_v1_broken/results_aonly_seed1.csv,f4a975729e4f0945369cd4e6a5182c62ff02b959f1f39fbcfe8f27aed01da74f,68615042,legacy evidence quarantined; no research admission,complete byte hash
results/runs/stress_v1_broken/results_aonly_seed2.csv,ee26a888386443fc262a57ba15973f282ecd5dbe789be820d081f449a0995681,68641198,legacy evidence quarantined; no research admission,complete byte hash
results/runs/stress_v1_broken/results_bonly_seed0.csv,e0380f8c2989987b616b45d0fbfbb62decdbe31b82d86881c5b17a32d7aba9a1,68517596,legacy evidence quarantined; no research admission,complete byte hash
results/runs/stress_v1_broken/results_bonly_seed1.csv,0b12f8febe07304988d5a5cf2529571bccd325bc66b2334c094aa2c4b198d721,68513512,legacy evidence quarantined; no research admission,complete byte hash
results/runs/stress_v1_broken/results_bonly_seed2.csv,4f38071700cf3316b56684917cce63042183bb1b26cb0bf84e925ae5b636988f,68517822,legacy evidence quarantined; no research admission,complete byte hash
results/runs/stress_v1_broken/results_drift_seed0.csv,f665054d1e0d7fea97f5c84d4a4521fb8f34021bc613795cfcbfc32816e2dcfb,63607423,legacy evidence quarantined; no research admission,complete byte hash
results/runs/stress_v1_broken/results_drift_seed1.csv,f1b91db5c00778f739157b5cba6e64bd16cba0af17628d676c89d6b67ebd9346,63605687,legacy evidence quarantined; no research admission,complete byte hash
results/runs/stress_v1_broken/results_drift_seed2.csv,5e4a6d3503d237c464afce3cc914d252448e5730525c3f0891fe5dd27731dd09,63605823,legacy evidence quarantined; no research admission,complete byte hash
results/runs/stress_v1_broken/results_fixed_seed0.csv,8a5d0ee9909e2e41e25356faf90e6557909ec7cdc90388514daa6b72c786126b,63610393,legacy evidence quarantined; no research admission,complete byte hash
results/runs/stress_v1_broken/results_fixed_seed1.csv,2c465bdd5828619190ce4598ed086eea0270dc0e05da0d800e9338c2a12ddc28,63607506,legacy evidence quarantined; no research admission,complete byte hash
results/runs/stress_v1_broken/results_fixed_seed2.csv,d92395f4625995f918dac31835dec96325ca18cd33e6b2a0958bea46af28bd83,63606801,legacy evidence quarantined; no research admission,complete byte hash
results/runs/stress_v1_broken/results_ralf_seed0.csv,d2de57b378dea2f3897f8c91ab38c4ec69cb12985c7ef12f881f1b84016efe86,30326739,legacy evidence quarantined; no research admission,complete byte hash
results/runs/stress_v1_broken/results_ralf_seed1.csv,ebadd74accd40915f6d09fd6d9c44a46e76a846b9fdc185a0e191ea4402959dc,30326792,legacy evidence quarantined; no research admission,complete byte hash
results/runs/stress_v1_broken/results_ralf_seed2.csv,5772d71ab8c5fb687c4be78b8e27b319364e64de5e139eef86c31c8838330457,30326723,legacy evidence quarantined; no research admission,complete byte hash
results/runs/stress_v1_broken/results_throttle_seed0.csv,d3a0235b6b324b36309783d82194b96b9970dcc6c5d4c96d0e30a077a88a3df9,63607669,legacy evidence quarantined; no research admission,complete byte hash
results/runs/stress_v1_broken/results_throttle_seed1.csv,cf544115f0767fae536a3d4e4b2e879e85f80b430acc3f91bd110be197e17e23,63607253,legacy evidence quarantined; no research admission,complete byte hash
results/runs/stress_v1_broken/results_throttle_seed2.csv,9fc97ddadd72d557731366c04d582784fb50631a22595a8e83f07664dc7c63e7,63607109,legacy evidence quarantined; no research admission,complete byte hash
results/runs/stress_v1_broken/trace_adaptive_seed0.csv,27dcc96202482f300d4b92bc2ee6b9af9f72bb90c72267aeab2b10690ec8b2b1,26,legacy evidence quarantined; no research admission,complete byte hash
results/runs/stress_v2_corrected/harness_summary.csv,df2aaa82fd14132aba4044a46ddf875f07e314d18e216afe69abc78745cc8d18,785,legacy evidence quarantined; no research admission,complete byte hash
results/runs/stress_v2_corrected/harness_summary_adaptive_seed0.csv,706f5965a6adacd7fbc40ef9152892d46004202c9f1f88923cacb2c29633dbb0,120,legacy evidence quarantined; no research admission,complete byte hash
results/runs/stress_v2_corrected/harness_summary_adaptive_seed1.csv,f46f5f305136f095c9693b78df4f4d3ded6505c9a653d7d484d61c409f82789c,121,legacy evidence quarantined; no research admission,complete byte hash
results/runs/stress_v2_corrected/harness_summary_adaptive_seed2.csv,cab03b4593e9373605af2c977c2a6fcc733f0bd2c80df69e59b8a92e59d45350,119,legacy evidence quarantined; no research admission,complete byte hash
results/runs/stress_v2_corrected/harness_summary_aonly_seed0.csv,09899e985ede308a93459f6f0ee2406952c24a3740a16942d12ab50adca11b8e,114,legacy evidence quarantined; no research admission,complete byte hash
results/runs/stress_v2_corrected/harness_summary_aonly_seed1.csv,68758d06e6361703a99580255cce0af02b4fc8ad1510cacb76b82b43c26a4c89,113,legacy evidence quarantined; no research admission,complete byte hash
results/runs/stress_v2_corrected/harness_summary_aonly_seed2.csv,48a37cba600817333ce57b7b981966e8d8123227007a4108fe2566c486936cc0,114,legacy evidence quarantined; no research admission,complete byte hash
results/runs/stress_v2_corrected/harness_summary_bonly_seed0.csv,3946eec9a198ef9a6627c61112cf28ca1cd3f360d650ac6c95f1069bcc1aceb0,120,legacy evidence quarantined; no research admission,complete byte hash
results/runs/stress_v2_corrected/harness_summary_bonly_seed1.csv,db5f459aacad4b28fd596113c96f7d0c8e12eb216b56d824f14236d566e30168,120,legacy evidence quarantined; no research admission,complete byte hash
results/runs/stress_v2_corrected/harness_summary_bonly_seed2.csv,7158a4d79f51879784ff61169b0f2c0c53c2930cfe025dd43bb6d894a371312e,120,legacy evidence quarantined; no research admission,complete byte hash
results/runs/stress_v2_corrected/harness_summary_drift_seed0.csv,8dde8a37fcbb35416e4f0aa487645312bcfb08e21bcc65f4645ce5e359676cca,116,legacy evidence quarantined; no research admission,complete byte hash
results/runs/stress_v2_corrected/harness_summary_drift_seed1.csv,b6af7e6838ee0ac05d2fc94658dce23525cd9d799f9e3b5d9bdbab97b7cc27c0,116,legacy evidence quarantined; no research admission,complete byte hash
results/runs/stress_v2_corrected/harness_summary_drift_seed2.csv,f5992239baadcc69be456ea34120dff8c26833448a26e0d70f8016dcb94c6836,116,legacy evidence quarantined; no research admission,complete byte hash
results/runs/stress_v2_corrected/harness_summary_fixed_seed0.csv,b5e4893fe1f8ad012c7723fd0042c28ab1806c5ee0696037ec1817f95c08eb81,116,legacy evidence quarantined; no research admission,complete byte hash
results/runs/stress_v2_corrected/harness_summary_fixed_seed1.csv,c623b4ce6ff2d3ffb50b61b82935567f37087a0cdf2868b05bd2d45599f5cf0d,116,legacy evidence quarantined; no research admission,complete byte hash
results/runs/stress_v2_corrected/harness_summary_fixed_seed2.csv,644fb1296cd229a6625a3725af191503fb89756b113d763bd267295e71b0d2cf,116,legacy evidence quarantined; no research admission,complete byte hash
results/runs/stress_v2_corrected/harness_summary_ralf_seed0.csv,11a0f8f1a76c01c6e5ee1d039603b307b0478e0821223f53b2edf98857d04c1a,115,legacy evidence quarantined; no research admission,complete byte hash
results/runs/stress_v2_corrected/harness_summary_ralf_seed1.csv,289de6752eabce155c4b9e902c19dd8b731a348de6ab786461d6c18e090333eb,115,legacy evidence quarantined; no research admission,complete byte hash
results/runs/stress_v2_corrected/harness_summary_ralf_seed2.csv,ced5dee958d04b6537352f1304f111613d061afe722b6783873e0ecd09700987,115,legacy evidence quarantined; no research admission,complete byte hash
results/runs/stress_v2_corrected/harness_summary_throttle_seed0.csv,bff3057178d596a0d4fd179d308aff7613ddc6ca338e12e866e47b5e3607d14d,119,legacy evidence quarantined; no research admission,complete byte hash
results/runs/stress_v2_corrected/harness_summary_throttle_seed1.csv,e657b92ee412bdbdee95735bb3e1d20445c9cf4d2bec1530c70357d1eb5fc1d1,119,legacy evidence quarantined; no research admission,complete byte hash
results/runs/stress_v2_corrected/harness_summary_throttle_seed2.csv,4412470a579f35394e2b8619f70b5d46d1ea428887bc7b7554df3a3ee733f5dc,119,legacy evidence quarantined; no research admission,complete byte hash
results/runs/stress_v2_corrected/results_adaptive_seed0.csv,7cd6c6e780633494ad07f490036b9e7b63f89cdb72a7a32de6cd0d0f0545dc45,81898668,legacy evidence quarantined; no research admission,complete byte hash
results/runs/stress_v2_corrected/results_adaptive_seed1.csv,ab8393a736a004e90809f530d9a8df295af9b3f2fdfeb2e0c480d8caf61353da,81553793,legacy evidence quarantined; no research admission,complete byte hash
results/runs/stress_v2_corrected/results_adaptive_seed2.csv,3ffa04e76f2dbbd3c8c26d60ee8d8f74941e5d1579792cad22351a130cf91129,81599744,legacy evidence quarantined; no research admission,complete byte hash
results/runs/stress_v2_corrected/results_aonly_seed0.csv,7e06d8e42c77dfee9557bdd1527bfa1d276e442eefaca37660a7396ee904fc50,75816469,legacy evidence quarantined; no research admission,complete byte hash
results/runs/stress_v2_corrected/results_aonly_seed1.csv,0bf0a1b4c569edefc0ba875899f03956100e7a83a94d632c743d74c532577dfa,76187976,legacy evidence quarantined; no research admission,complete byte hash
results/runs/stress_v2_corrected/results_aonly_seed2.csv,f343fc3298bf330ac88420b19f48761107727a48a82ea2bda57a0273d1459b81,75895505,legacy evidence quarantined; no research admission,complete byte hash
results/runs/stress_v2_corrected/results_bonly_seed0.csv,c1c559cf202bac41cafec83842cb1d562db659cce6a2b2410001d14257d08497,73855876,legacy evidence quarantined; no research admission,complete byte hash
results/runs/stress_v2_corrected/results_bonly_seed1.csv,8216a5a1220ef5268145d406edefc3cc0a36de1c8662019f9d25930a53b582ce,73877286,legacy evidence quarantined; no research admission,complete byte hash
results/runs/stress_v2_corrected/results_bonly_seed2.csv,d81c097593307ede7fce7016641d55d26f5204d33f687cb307a582bb6fa2d2bd,73893419,legacy evidence quarantined; no research admission,complete byte hash
results/runs/stress_v2_corrected/results_drift_seed0.csv,db70aeb0184cc143fccdecbf8834065dc080603b960fff23007de60ebd9db7a6,68953319,legacy evidence quarantined; no research admission,complete byte hash
results/runs/stress_v2_corrected/results_drift_seed1.csv,4e696d8536f40f9f7a344f8db603872fd92f572ac5cd12dad8f92d46fc7014b0,69015847,legacy evidence quarantined; no research admission,complete byte hash
results/runs/stress_v2_corrected/results_drift_seed2.csv,209c69922967376ff7eb0030bfee79ea3a2e1faa2f6cb2f409f668c044e505e2,68947759,legacy evidence quarantined; no research admission,complete byte hash
results/runs/stress_v2_corrected/results_fixed_seed0.csv,f4d882b928c181132a31a39bc76cc0ffa69613088d3d192b41d272d1e03d3164,68933613,legacy evidence quarantined; no research admission,complete byte hash
results/runs/stress_v2_corrected/results_fixed_seed1.csv,4e219d28907cac0f982291dd076566e400dc85a081fd89bb6240ad1a43f7c4bb,69119879,legacy evidence quarantined; no research admission,complete byte hash
results/runs/stress_v2_corrected/results_fixed_seed2.csv,0a592011e95210b5c3bd99206980f1134580658c08dbd7eb01a445a46a622bf2,68954606,legacy evidence quarantined; no research admission,complete byte hash
results/runs/stress_v2_corrected/results_ralf_seed0.csv,c94f1d3d9ab26c2a506683ebd624f030a58fe8c91b6542621d08d208aa149a0b,32535042,legacy evidence quarantined; no research admission,complete byte hash
results/runs/stress_v2_corrected/results_ralf_seed1.csv,2906bf0d22004c7ca1d3f0e6ccd1bbc0f4bce7769c9d1f94b2d25a9370cf81ac,32344403,legacy evidence quarantined; no research admission,complete byte hash
results/runs/stress_v2_corrected/results_ralf_seed2.csv,7d435fce3a21ce3d55ce8c51ead4a3b5cde5f9a9458ecc278028f0b72487c198,32405512,legacy evidence quarantined; no research admission,complete byte hash
results/runs/stress_v2_corrected/results_throttle_seed0.csv,e69d29b1c34f28e83441f043cfb285613a9d6dd65172dae5a0789ece04632120,68925609,legacy evidence quarantined; no research admission,complete byte hash
results/runs/stress_v2_corrected/results_throttle_seed1.csv,3bda9c2c46c2d3c30707576502121315022991436c44bce177c750ed136b3b8c,69226506,legacy evidence quarantined; no research admission,complete byte hash
results/runs/stress_v2_corrected/results_throttle_seed2.csv,c63619f2dd677e330c4968734d3f286e74d3e97eafc5c9ecb02589ed03c2cee0,68906239,legacy evidence quarantined; no research admission,complete byte hash
results/runs/stress_v2_corrected/trace_adaptive_seed0.csv,27dcc96202482f300d4b92bc2ee6b9af9f72bb90c72267aeab2b10690ec8b2b1,26,legacy evidence quarantined; no research admission,complete byte hash
results/runs/ulb_generalization/harness_summary.csv,c752787f6934bd020eb6f1c102f85a9f8e129c6b282064938463bdc5a9a69bd9,772,legacy evidence quarantined; no research admission,complete byte hash
results/runs/ulb_generalization/harness_summary_adaptive_seed0.csv,825410de61931e79e8c9ae906c2ae7b5111b3d937f9acaa2d702efb38bdff608,120,legacy evidence quarantined; no research admission,complete byte hash
results/runs/ulb_generalization/harness_summary_adaptive_seed1.csv,cfcc3932861f8e89087db1b928519f9006d9c0bcf3b0711b485ed7f5ae178cde,120,legacy evidence quarantined; no research admission,complete byte hash
results/runs/ulb_generalization/harness_summary_adaptive_seed2.csv,3e3972111a8527d650b5335417d076621f82e4589196ff9b296287a120321e4c,119,legacy evidence quarantined; no research admission,complete byte hash
results/runs/ulb_generalization/harness_summary_aonly_seed0.csv,ef51427a7ba24f2f391a2d2fe59137b1713d372b9452664e41781919df929a3f,113,legacy evidence quarantined; no research admission,complete byte hash
results/runs/ulb_generalization/harness_summary_aonly_seed1.csv,99f023512c511e3637792547b61a13ef22465515e9a2bbb89d6090bcfcba559c,113,legacy evidence quarantined; no research admission,complete byte hash
results/runs/ulb_generalization/harness_summary_aonly_seed2.csv,d556555d32a99825fa97a7b799f83affca4e67c7b9154067046fc34f40b0a532,113,legacy evidence quarantined; no research admission,complete byte hash
results/runs/ulb_generalization/harness_summary_bonly_seed0.csv,3946eec9a198ef9a6627c61112cf28ca1cd3f360d650ac6c95f1069bcc1aceb0,120,legacy evidence quarantined; no research admission,complete byte hash
results/runs/ulb_generalization/harness_summary_bonly_seed1.csv,db5f459aacad4b28fd596113c96f7d0c8e12eb216b56d824f14236d566e30168,120,legacy evidence quarantined; no research admission,complete byte hash
results/runs/ulb_generalization/harness_summary_bonly_seed2.csv,7158a4d79f51879784ff61169b0f2c0c53c2930cfe025dd43bb6d894a371312e,120,legacy evidence quarantined; no research admission,complete byte hash
results/runs/ulb_generalization/harness_summary_drift_seed0.csv,8dde8a37fcbb35416e4f0aa487645312bcfb08e21bcc65f4645ce5e359676cca,116,legacy evidence quarantined; no research admission,complete byte hash
results/runs/ulb_generalization/harness_summary_drift_seed1.csv,b6af7e6838ee0ac05d2fc94658dce23525cd9d799f9e3b5d9bdbab97b7cc27c0,116,legacy evidence quarantined; no research admission,complete byte hash
results/runs/ulb_generalization/harness_summary_drift_seed2.csv,f5992239baadcc69be456ea34120dff8c26833448a26e0d70f8016dcb94c6836,116,legacy evidence quarantined; no research admission,complete byte hash
results/runs/ulb_generalization/harness_summary_fixed_seed0.csv,b5e4893fe1f8ad012c7723fd0042c28ab1806c5ee0696037ec1817f95c08eb81,116,legacy evidence quarantined; no research admission,complete byte hash
results/runs/ulb_generalization/harness_summary_fixed_seed1.csv,c623b4ce6ff2d3ffb50b61b82935567f37087a0cdf2868b05bd2d45599f5cf0d,116,legacy evidence quarantined; no research admission,complete byte hash
results/runs/ulb_generalization/harness_summary_fixed_seed2.csv,644fb1296cd229a6625a3725af191503fb89756b113d763bd267295e71b0d2cf,116,legacy evidence quarantined; no research admission,complete byte hash
results/runs/ulb_generalization/harness_summary_ralf_seed0.csv,11a0f8f1a76c01c6e5ee1d039603b307b0478e0821223f53b2edf98857d04c1a,115,legacy evidence quarantined; no research admission,complete byte hash
results/runs/ulb_generalization/harness_summary_ralf_seed1.csv,289de6752eabce155c4b9e902c19dd8b731a348de6ab786461d6c18e090333eb,115,legacy evidence quarantined; no research admission,complete byte hash
results/runs/ulb_generalization/harness_summary_ralf_seed2.csv,ced5dee958d04b6537352f1304f111613d061afe722b6783873e0ecd09700987,115,legacy evidence quarantined; no research admission,complete byte hash
results/runs/ulb_generalization/harness_summary_throttle_seed0.csv,bff3057178d596a0d4fd179d308aff7613ddc6ca338e12e866e47b5e3607d14d,119,legacy evidence quarantined; no research admission,complete byte hash
results/runs/ulb_generalization/harness_summary_throttle_seed1.csv,e657b92ee412bdbdee95735bb3e1d20445c9cf4d2bec1530c70357d1eb5fc1d1,119,legacy evidence quarantined; no research admission,complete byte hash
results/runs/ulb_generalization/harness_summary_throttle_seed2.csv,4412470a579f35394e2b8619f70b5d46d1ea428887bc7b7554df3a3ee733f5dc,119,legacy evidence quarantined; no research admission,complete byte hash
results/runs/ulb_generalization/results_adaptive_seed0.csv,e9a6a1a0073235a141520928386db0e9aa5de6dbca614cc606e761ffcc2f19cb,19562147,legacy evidence quarantined; no research admission,complete byte hash
results/runs/ulb_generalization/results_adaptive_seed1.csv,2703872a8a49975aac7523fb1cd89bf2f2699d3dbdb64aeaac5c63582b4da2ea,19365235,legacy evidence quarantined; no research admission,complete byte hash
results/runs/ulb_generalization/results_adaptive_seed2.csv,fa8b80bd4e877a1fc6510e54a9dc59174ae19dc9775639787a46f8ed69bda40c,19318237,legacy evidence quarantined; no research admission,complete byte hash
results/runs/ulb_generalization/results_aonly_seed0.csv,0eb884531d432794aaf0c8fffc164440a3b1d3e2365fff2c43d7d26554d6bc39,17841109,legacy evidence quarantined; no research admission,complete byte hash
results/runs/ulb_generalization/results_aonly_seed1.csv,78e8f67a984308d13517f4645eb5031bca868c40b55720e436921fb178911ec5,17791273,legacy evidence quarantined; no research admission,complete byte hash
results/runs/ulb_generalization/results_aonly_seed2.csv,bf6701219f1a400a0ee2442c5cbeffb2370c1e692993babf648002b1a13edec2,17770780,legacy evidence quarantined; no research admission,complete byte hash
results/runs/ulb_generalization/results_bonly_seed0.csv,082c0b0ec425ec2b15fcb642ac3c05af22725e54a7ef3601a4aed6ac65f80a2d,16916439,legacy evidence quarantined; no research admission,complete byte hash
results/runs/ulb_generalization/results_bonly_seed1.csv,aeb44074baed496810f8c63bc26d765876ecfc994f833bf764156bf02d4e18e7,16926835,legacy evidence quarantined; no research admission,complete byte hash
results/runs/ulb_generalization/results_bonly_seed2.csv,8cfd8e51a34a0ad5b9d12a4ea5bf67d17d5bfbf4d06064a194b4835342f0d837,16882102,legacy evidence quarantined; no research admission,complete byte hash
results/runs/ulb_generalization/results_drift_seed0.csv,570ab880a055f1ad5ee4e388561f17b4ecf0c8adef1f3b1dfcd5bbb50436273c,15558352,legacy evidence quarantined; no research admission,complete byte hash
results/runs/ulb_generalization/results_drift_seed1.csv,0051af2ad8644bdabc6e08c02115affa4f81767b1258401a4ca59666cd56446e,15478138,legacy evidence quarantined; no research admission,complete byte hash
results/runs/ulb_generalization/results_drift_seed2.csv,eae6a259f7cbfaf8667eed7b41f55ce922c504a4af0773e9f5893bef46391f09,15477940,legacy evidence quarantined; no research admission,complete byte hash
results/runs/ulb_generalization/results_fixed_seed0.csv,f9b1a17c9125d5f70dde45b81b0fc4d07c7fa9f1ee71b2714318867692650b53,15543269,legacy evidence quarantined; no research admission,complete byte hash
results/runs/ulb_generalization/results_fixed_seed1.csv,19239abbcabfc326837399789515072663518bcce9988c1353c5fbd87d52bfcf,15514051,legacy evidence quarantined; no research admission,complete byte hash
results/runs/ulb_generalization/results_fixed_seed2.csv,8ead2908fc2ecd6de11539db4edea1bb86ed2a04020caae580ded95c15f85214,15488823,legacy evidence quarantined; no research admission,complete byte hash
results/runs/ulb_generalization/results_ralf_seed0.csv,f63241409e5c5b89ae0ae93f0f4ef6f7d79cf63cd121655010a24dae494a0ef2,7421990,legacy evidence quarantined; no research admission,complete byte hash
results/runs/ulb_generalization/results_ralf_seed1.csv,af6763ab36594021ee63f4c8e131886a08d325cf261069d4b6af2f86d72fa6e9,7438833,legacy evidence quarantined; no research admission,complete byte hash
results/runs/ulb_generalization/results_ralf_seed2.csv,d252b1cd2a81fdb49f6c95851b9b380a7b6ca55e3aae47c685c7a97b4892c2a5,7438510,legacy evidence quarantined; no research admission,complete byte hash
results/runs/ulb_generalization/results_throttle_seed0.csv,cc119c22881e78be00e68005e63634714d0446494be1e6e4666af5c0792fa970,15516843,legacy evidence quarantined; no research admission,complete byte hash
results/runs/ulb_generalization/results_throttle_seed1.csv,6e2b4230dca8417831f4f3d8be3a6ff5b4577110cc4efa89176777887eb79a1a,15545491,legacy evidence quarantined; no research admission,complete byte hash
results/runs/ulb_generalization/results_throttle_seed2.csv,608d000fd72decd3545ec43b82dd4044407fcbeb5c4044385bc844edc8ab6a3a,15515091,legacy evidence quarantined; no research admission,complete byte hash
results/runs/ulb_generalization/trace_adaptive_seed0.csv,27dcc96202482f300d4b92bc2ee6b9af9f72bb90c72267aeab2b10690ec8b2b1,26,legacy evidence quarantined; no research admission,complete byte hash
results/sweep/harness_summary_adaptive_seed0.csv,e2136e28f9e835248f99f931e7d1c9650f4d350a911ec298a2e9817e4d3f76c1,118,legacy evidence quarantined; no research admission,complete byte hash
results/sweep/results_adaptive_seed0.csv,7bb06893615f81d021e899b56ca0867f5ee695f736d172ecae6a0120552c433c,5077573,legacy evidence quarantined; no research admission,complete byte hash
results/sweep/sweep_results.csv,0db9866f52c87a9a400ebf92536499f962383eef603a484d65342f3638838e98,1679,legacy evidence quarantined; no research admission,complete byte hash
scripts/__pycache__/orchestrator.cpython-312.pyc,73da0b5682d16fdda2222ecc2ed7e286642b31b017a773e53fdf656f4740503a,10370,historical reference; not operationally migrated,complete byte hash
scripts/configure_dev.sh,76c0ee531e8023ea267cbb2941de359cb81768bb4dd642823337272368b75113,471,historical reference; not operationally migrated,complete byte hash
scripts/orchestrator.py,6d5bd7c112ecc5870b7bbfb22e77702cf5ab90dc5fce996fad43acc075cfeeab,8037,historical reference; not operationally migrated,complete byte hash
scripts/print_environment.py,f447b807cb566c70e38d776f1a976f5386b493d5a01091709e1bb938a2baec3f,1186,historical reference; not operationally migrated,complete byte hash
scripts/test_dev.sh,66ad5a679fa5d37d700724c507aa518a00fa44d717984a647ece57bba22c5f2c,745,historical reference; not operationally migrated,complete byte hash
source/.DS_Store,0db04c8b1ab3227073ce0be0ba1470f516720e42525e56f6e5cc0ad226a3efd8,6148,"reviewed; replaced by minimal corrected engine, no direct copy",complete byte hash
source/analysis/collect_all_results.py,9920b7fddd6e5cd1b05d0a219dbe270e02f79d157cdf52cacc14552516fd47d5,10901,"reviewed; replaced by minimal corrected engine, no direct copy",complete byte hash
source/analysis/compute_metrics.py,bc6250055a3158c6a38229705e570aaff6ee5dc4d0460278dd8682cd2a7538dd,24272,"reviewed; replaced by minimal corrected engine, no direct copy",complete byte hash
source/analysis/compute_sweep_fr.py,c9099bb92f038d2da4e70df3c63a91f54c2bcaea4ed6fce1802e12d85ff3e39d,1101,"reviewed; replaced by minimal corrected engine, no direct copy",complete byte hash
source/analysis/fig2.py,be02db0d48f884f28216f8b524acff4ecb3034ec0a941a77959fae4d40d4c1de,2084,"reviewed; replaced by minimal corrected engine, no direct copy",complete byte hash
source/analysis/fig3.py,0b5eac07aacae9be01de186923436ce2f5ba2050fdd2456c9e093816fbc01dc6,2620,"reviewed; replaced by minimal corrected engine, no direct copy",complete byte hash
source/analysis/fig4.py,31c984798151097ce7cee78a4329413d87e932453e7a215c5c7e2fede8796efc,2166,"reviewed; replaced by minimal corrected engine, no direct copy",complete byte hash
source/analysis/generate_synthetic.py,5df026a7a720708605950ca8f70704b3330c75e43c9ee810ca26139d25936632,1453,"reviewed; replaced by minimal corrected engine, no direct copy",complete byte hash
source/analysis/generate_trace.py,27da1744a7e8369cfb3206baeb7e6fb815d712dfe77b0032a48a064f10556b5b,685,"reviewed; replaced by minimal corrected engine, no direct copy",complete byte hash
source/analysis/zdomain_feature_analysis.py,2e73d00eb39fd92e8a429d35ca79db1e08cc37ca477f14a2f226c58db8614b23,10706,"reviewed; replaced by minimal corrected engine, no direct copy",complete byte hash
source/apps/feature_flow/CMakeLists.txt,33adb19a7f12380c4db5eceac4a99d132c3019e0008f6dfac2d62617adb5432c,270,"reviewed; replaced by minimal corrected engine, no direct copy",complete byte hash
source/apps/feature_flow/harness.cpp,1d8e8a75af31df044219344d1f3b1d26ed5e63e5a88fee0d733b36236b8195be,26442,"reviewed; replaced by minimal corrected engine, no direct copy",complete byte hash
source/apps/feature_flow/main.cpp,3f2955a82cb0125039e9bda3a3a8b76c1981c884ebf171e8ec0e7586f7c4543d,25559,"reviewed; replaced by minimal corrected engine, no direct copy",complete byte hash
source/include/klstream/core/backpressure.hpp,f7ab4d72386489989706f2c790db35c78f55f7ee219052644175ec7637db531d,4079,"reviewed; replaced by minimal corrected engine, no direct copy",complete byte hash
source/include/klstream/core/config.hpp,5939ebaecc2b0bc77c9e2fa523b969f3fc4ef0082d797e03238ce0f60f9d8822,2947,"reviewed; replaced by minimal corrected engine, no direct copy",complete byte hash
source/include/klstream/core/event.hpp,32f6a154961fb60a95146c20e1523049f1ef05058ef8463854e84129a2aa7f39,2954,"reviewed; replaced by minimal corrected engine, no direct copy",complete byte hash
source/include/klstream/core/experiment_config.hpp,1e59b0e23aeaa25a283eb474fdcf7cbed2b6d02bfa32c679bf5e63bdc68252fe,11470,"reviewed; replaced by minimal corrected engine, no direct copy",complete byte hash
source/include/klstream/core/metrics.hpp,e34959667bf7d659339f0199ceb06de7115dde34ede9111b66fbcc8e37b2091e,13844,"reviewed; replaced by minimal corrected engine, no direct copy",complete byte hash
source/include/klstream/core/mpmc_queue.hpp,d453499f9b3b7556ac6fb23f41046652a0d7744f31f07fdf9222404714f8459e,5218,"reviewed; replaced by minimal corrected engine, no direct copy",complete byte hash
source/include/klstream/core/operator.hpp,b91127c30faf850c2588481a182643d34b7837915d4f09bf3f4543d8fa33beb2,4780,"reviewed; replaced by minimal corrected engine, no direct copy",complete byte hash
source/include/klstream/core/pinning.hpp,18665418d246a2dae9d4440fced77e073c001129aa317f80c9c28f5b7d7ad558,2685,"reviewed; replaced by minimal corrected engine, no direct copy",complete byte hash
source/include/klstream/core/registry_harness.hpp,dc46167377ed89f2dfc99af6ad49c61ef13ca53d8c7481fb5e01d3ce59fbbb9c,15744,"reviewed; replaced by minimal corrected engine, no direct copy",complete byte hash
source/include/klstream/core/runtime.hpp,38f029500167cd1a9169965b3b97c8f367afc16e72ef0a2e37dde5d8ee53b9df,12271,"reviewed; replaced by minimal corrected engine, no direct copy",complete byte hash
source/include/klstream/core/spsc_queue.hpp,99cae9c2b733bdae050e5c4b104aa9add0e1b0b04ac62f8c4a753ed49ff13e34,8958,"reviewed; replaced by minimal corrected engine, no direct copy",complete byte hash
source/include/klstream/core/worker.hpp,f775b9a8d009ce2f68f8070429bde1722d9cc0ae648d24bf9740dc771427bf9a,6980,"reviewed; replaced by minimal corrected engine, no direct copy",complete byte hash
source/include/klstream/feature/adaptive_feature_window_op.hpp,fe788785097095ee420132a2d0c9c77f0523a8698391781a77ac9c34fd5bde1d,9420,"reviewed; replaced by minimal corrected engine, no direct copy",complete byte hash
source/include/klstream/feature/backpressure_publisher_op.hpp,58dbc707a702a2be4625349885f6e24cd7f59b160894346f6fff784ca80ed56f,1379,"reviewed; replaced by minimal corrected engine, no direct copy",complete byte hash
source/include/klstream/feature/backpressure_signal.hpp,eae86c49ac312297cc58b9da8202209f82ae9d11338cfd213c83f6f42a0122c1,1464,"reviewed; replaced by minimal corrected engine, no direct copy",complete byte hash
source/include/klstream/feature/behavior_source.hpp,4cb0b688a39beca9ef28fae307b61d234b2d85bff2bbdbf7109e6f5867f6a595,15070,"reviewed; replaced by minimal corrected engine, no direct copy",complete byte hash
source/include/klstream/feature/drift_adaptive_window_op.hpp,f2937dde7e8098f481d93579bab3f0d7c2298e03d976952566d37394aed1a463,6574,"reviewed; replaced by minimal corrected engine, no direct copy",complete byte hash
source/include/klstream/feature/engagement.hpp,4328218e9cef6b13b5536748bb3a91d6f3b4ed4cdb4569de299bf8997ff269c0,1080,"reviewed; replaced by minimal corrected engine, no direct copy",complete byte hash
source/include/klstream/feature/keyed_feature_extract_op.hpp,795573da2ca042653d5429da799bc908823fd06d2efdc073aa8d613175e58140,10601,"reviewed; replaced by minimal corrected engine, no direct copy",complete byte hash
source/include/klstream/feature/ralf_window_op.hpp,d656bda72d19c8120a017d289bd56968efffea8bcad461c54f2767591ce52b2d,7056,"reviewed; replaced by minimal corrected engine, no direct copy",complete byte hash
source/include/klstream/feature/result_sink.hpp,05bfe8f713d22f5345b2402f4f90a14a354c883fc12d648fbd723374e8d01f5f,4233,"reviewed; replaced by minimal corrected engine, no direct copy",complete byte hash
source/include/klstream/feature/scoring_flush_op.hpp,5c4922c91ffb7c7f660f8510ea635ac80ed8e31367ed958cc6636ee66c627b1c,7052,"reviewed; replaced by minimal corrected engine, no direct copy",complete byte hash
source/include/klstream/feature/types.hpp,c3c0732fc7ebbeafd838f9bae32843d9aecf2d658603437b935e7e783a040c05,4061,"reviewed; replaced by minimal corrected engine, no direct copy",complete byte hash
source/include/klstream/feature/user_state.hpp,cd54cd9c9009fe635eb66e8ba04fd6615d6edf110ab85d9a50b5855999848b38,3000,"reviewed; replaced by minimal corrected engine, no direct copy",complete byte hash
source/include/klstream/model/logistic_model.hpp,394ad9b5e9173a141c6ce2495ad8e0e79c980b4cfbac4cb6bb39830440d5222c,2338,"reviewed; replaced by minimal corrected engine, no direct copy",complete byte hash
source/include/klstream/operators/aggregate.hpp,0e7153bc2c8db28bdaff46767715a6cc1b22fba533a8c084d1ec49c7c9706b6b,3764,"reviewed; replaced by minimal corrected engine, no direct copy",complete byte hash
source/include/klstream/operators/filter.hpp,4aeb067197f04a0aa73f31ea9048ce528854192df502667f4ebf984493ce8046,3037,"reviewed; replaced by minimal corrected engine, no direct copy",complete byte hash
source/include/klstream/operators/map.hpp,54ea048ed5a18b491bdab54bbcb11ecbbabb577a95aea3cf9558306e8cbe5617,3333,"reviewed; replaced by minimal corrected engine, no direct copy",complete byte hash
source/include/klstream/operators/sink.hpp,d76e5241d6af6ee7f118bc9e61e2e21a2a99d941face3a74778d42c93673bae2,2083,"reviewed; replaced by minimal corrected engine, no direct copy",complete byte hash
source/include/klstream/operators/source.hpp,5875578e48ae61ab6c900cc76aaf9433a8bd6f9bd3bdcf95c2cad91c668983e5,5441,"reviewed; replaced by minimal corrected engine, no direct copy",complete byte hash
source/include/klstream/operators/window.hpp,79094011492fed9f880612e6936a2dc9cf4e35ff8e441d772bc8ad1e483deeb1,10730,"reviewed; replaced by minimal corrected engine, no direct copy",complete byte hash
source/preprocessing/__pycache__/preprocess_taobao.cpython-312.pyc,9a04a3902b70cbafe69890fa1355d9200c503aa81f8c9b805cd0e986df6d91d9,9536,"reviewed; replaced by minimal corrected engine, no direct copy",complete byte hash
source/preprocessing/__pycache__/preprocess_ulb.cpython-312.pyc,da5b32db4ef4490f1f6761e3d60e594a3126bc7bf67f8871107445c02fd50701,5555,"reviewed; replaced by minimal corrected engine, no direct copy",complete byte hash
source/preprocessing/__pycache__/train_classifier.cpython-312.pyc,8d8f2edfb32f1a5b2f88b6b0cd5e2ebbc8b9a4d475464bc0340392c62006974b,14440,"reviewed; replaced by minimal corrected engine, no direct copy",complete byte hash
source/preprocessing/preprocess_taobao.py,f18c4172ee114c56e8388ab4960101c573b132422134399ce87210c53bb0b708,6493,"reviewed; replaced by minimal corrected engine, no direct copy",complete byte hash
source/preprocessing/preprocess_ulb.py,c5f9d3174d73a61a1f74aa637cecf84655c35e4799b2f4f6fbb1aec90c0e7010,3707,"reviewed; replaced by minimal corrected engine, no direct copy",complete byte hash
source/preprocessing/train_classifier.py,88dc61ae8660662637c6593bd1eeaab908e77b98e0429160da06650dcc587d14,12224,"reviewed; replaced by minimal corrected engine, no direct copy",complete byte hash
tests/.DS_Store,b8c47e4c4c1e8f38d96cf8372b5712753204c0c91cec821fee6d0b4d5d88032f,6148,historical tests inspected; new counterexample tests written,complete byte hash
tests/CMakeLists.txt,0ace246bf5eb11cce34b307f7ed1ef294c9bfbe7542fe94899b0c5310b048538,2213,historical tests inspected; new counterexample tests written,complete byte hash
tests/__pycache__/test_experiment_orchestrator.cpython-312.pyc,a7cb97f3870e16a69d5762b23113db8a11a63503052908194e0a25d505bc503b,4391,historical tests inspected; new counterexample tests written,complete byte hash
tests/__pycache__/test_model_manifest.cpython-312-pytest-9.1.1.pyc,73ade265f88f94fc3601be9e9235bd5f5cb1fc3a66532eb2aacd056163630348,4789,historical tests inspected; new counterexample tests written,complete byte hash
tests/__pycache__/test_preprocessing_adapter.cpython-312-pytest-9.1.1.pyc,5e42f630fb309a910fb248a93e4896dd5975e4fce2eca1793ae9797147a6d928,11756,historical tests inspected; new counterexample tests written,complete byte hash
tests/__pycache__/test_preprocessing_lineage.cpython-312-pytest-9.1.1.pyc,93bc97eee50db56556307c66022627252c21c7c102680f43db61ed5e5fe73e9a,3474,historical tests inspected; new counterexample tests written,complete byte hash
tests/integration/test_ablation_architectures.cpp,923d5941a16d94c3393cf6d157d79b643179f94a8feb2601454df29901f4dc63,2998,historical tests inspected; new counterexample tests written,complete byte hash
tests/integration/test_pipeline_integration.cpp,c7925fad5e6936f8518d0c4aa3778835822d5e247e43a1317ddd5714ff945395,8687,historical tests inspected; new counterexample tests written,complete byte hash
tests/test_experiment_orchestrator.py,4fcc4354fe8b8db3e158aefc87d8bbf39e4de5cc8265a25a3b6969486a2c01eb,2559,historical tests inspected; new counterexample tests written,complete byte hash
tests/test_model_manifest.py,a193b19c564389685f94bded1c7b3deb47c6d3746ba1c6bcf8a6b438115d9f43,3367,historical tests inspected; new counterexample tests written,complete byte hash
tests/test_preprocessing_adapter.py,8e5fd4672fcbad8fa45d0e5f2f5429f226dae6843c4a96aeeb6da98c61e0eb2b,6128,historical tests inspected; new counterexample tests written,complete byte hash
tests/test_preprocessing_lineage.py,e50ea69349796044b2faac2bafc26481bfedae9f6debd267aec8e6fad1cba8bf,2276,historical tests inspected; new counterexample tests written,complete byte hash
tests/unit/test_accounting_ledger.cpp,f379aecdb235ca873720fe8813219508456730e6311206bc43bd1325994e4344,1648,historical tests inspected; new counterexample tests written,complete byte hash
tests/unit/test_alpha_controller.cpp,4f01ba616093829f1fd61d7b626f1e88d424917ed00603a60304185b3981eb10,3368,historical tests inspected; new counterexample tests written,complete byte hash
tests/unit/test_backpressure_publisher_op.cpp,f55fdce78200592110cdd8b8a78e0b1b8d65a4bf972d379507d967f154a4f325,882,historical tests inspected; new counterexample tests written,complete byte hash
tests/unit/test_baseline_signatures.cpp,0bd75e373e2404ead3eeba97ee4e5e934dea7cc3dc6eb9ff4f64b17a307afc47,4337,historical tests inspected; new counterexample tests written,complete byte hash
tests/unit/test_bpfeat_controller.cpp,09f32a4e304dbea98ed207d8e2eaa67340797a79f8c6af357139a62b25e78468,3691,historical tests inspected; new counterexample tests written,complete byte hash
tests/unit/test_config_parser.cpp,64fdf50adaab170608b398e8eabe214f9d6d2df087d4dea83cf459dde0f5639c,7288,historical tests inspected; new counterexample tests written,complete byte hash
tests/unit/test_dataset_adapter.cpp,07628750e931d73089c1cfe9c19f049e37891bf0c37a6496fe6e56e872acf2f0,8844,historical tests inspected; new counterexample tests written,complete byte hash
tests/unit/test_drift_adaptive_window_op.cpp,f6bb07b2798d80b9b49d8ab824a79469a38add71468196ae87c335630d3a5863,4015,historical tests inspected; new counterexample tests written,complete byte hash
tests/unit/test_harness_registry.cpp,9e14711806a89e88ee92cdf48bae490a62a561e4c535899ea2bc8a4c6ea1f342,4454,historical tests inspected; new counterexample tests written,complete byte hash
tests/unit/test_keyed_feature_extract_op.cpp,07bcdc996bb05c8756943ae9a433812e16c0ff44a92c5679d8c80ae5b9aac000,5810,historical tests inspected; new counterexample tests written,complete byte hash
tests/unit/test_native_trace.cpp,2c74ac9189fe4f62d87210353df0a361b65a915b696d5b18043b1192b7742f82,1178,historical tests inspected; new counterexample tests written,complete byte hash
tests/unit/test_queue_lifecycle.cpp,4aa94ad7e86ea174b21771a54727affd1e72726ef3ff1f3a7db72e06176be140,3566,historical tests inspected; new counterexample tests written,complete byte hash
tests/unit/test_ralf_window_op.cpp,8d6b6c934cb7ecedf04417d1057f7e7ceda56c5e917d082c17fb8e7e630098e0,3380,historical tests inspected; new counterexample tests written,complete byte hash
tests/unit/test_runtime_lifecycle.cpp,eddc4c22bdf98a2e798870cf36f604569b9562b0c25fab9927c5a9d5d65531af,3995,historical tests inspected; new counterexample tests written,complete byte hash
tests/unit/test_scoring_flush_op.cpp,185952915fe44ed2715ba755182bd9ba11e70d9cf715eff6600df87b1c160262,3629,historical tests inspected; new counterexample tests written,complete byte hash
tests/unit/test_semantic_differential.cpp,3e6f024a751cfa7d245298d33ef1745791ed2f1223404edaedae300ab8fae3da,1526,historical tests inspected; new counterexample tests written,complete byte hash
tests/unit/test_semantic_precision.cpp,b7a9b9bdbc5aba462746714ac42d032dcecff733d23921fe6f0b0de6ac9a36b8,586,historical tests inspected; new counterexample tests written,complete byte hash
tests/unit/test_topology_manifest.cpp,8741aacb87d5adc76d33802e544f35adbe2cdb80e8f508b9814155290b136c21,1367,historical tests inspected; new counterexample tests written,complete byte hash
tools/.DS_Store,dfd5ab9708f72f0bba36027a1a5e353a2ddc1208364f2c1ec41199681eb6c6a4,6148,historical reference; not operationally migrated,complete byte hash
tools/__pycache__/repo_policy.cpython-312.pyc,bb5d91446edbe93238fab9dac66e3e79fe35680047a1cc21ff446760a5e1e174,14576,historical reference; not operationally migrated,complete byte hash
tools/repo_policy.py,e46cc7c1b6d3eb1f2da7e813372dd2d0c6dbf05a48947a5b173e7ba7fae65a0f,13805,historical reference; not operationally migrated,complete byte hash
tools/tests/test_repo_policy.py,b0064475b538d7996c2d5a4a0dfd33e92d7e484f2d878a3d4bd47c52ee904757,11082,historical reference; not operationally migrated,complete byte hash
